/****************************************************************************
** Resource object code
**
** Created by: The Resource Compiler for Qt version 5.15.11
**
** WARNING! All changes made in this file will be lost!
*****************************************************************************/

static const unsigned char qt_resource_data[] = {
  // D:/KingSoft/developmentPath/KDevelop-Training/ClassExamProject/icons/selected/six.svg
  0x0,0x0,0x1,0xab,
  0x3c,
  0x3f,0x78,0x6d,0x6c,0x20,0x76,0x65,0x72,0x73,0x69,0x6f,0x6e,0x3d,0x22,0x31,0x2e,
  0x30,0x22,0x20,0x73,0x74,0x61,0x6e,0x64,0x61,0x6c,0x6f,0x6e,0x65,0x3d,0x22,0x6e,
  0x6f,0x22,0x3f,0x3e,0x3c,0x21,0x44,0x4f,0x43,0x54,0x59,0x50,0x45,0x20,0x73,0x76,
  0x67,0x20,0x50,0x55,0x42,0x4c,0x49,0x43,0x20,0x22,0x2d,0x2f,0x2f,0x57,0x33,0x43,
  0x2f,0x2f,0x44,0x54,0x44,0x20,0x53,0x56,0x47,0x20,0x31,0x2e,0x31,0x2f,0x2f,0x45,
  0x4e,0x22,0x20,0x22,0x68,0x74,0x74,0x70,0x3a,0x2f,0x2f,0x77,0x77,0x77,0x2e,0x77,
  0x33,0x2e,0x6f,0x72,0x67,0x2f,0x47,0x72,0x61,0x70,0x68,0x69,0x63,0x73,0x2f,0x53,
  0x56,0x47,0x2f,0x31,0x2e,0x31,0x2f,0x44,0x54,0x44,0x2f,0x73,0x76,0x67,0x31,0x31,
  0x2e,0x64,0x74,0x64,0x22,0x3e,0x3c,0x73,0x76,0x67,0x20,0x74,0x3d,0x22,0x31,0x37,
  0x32,0x32,0x32,0x34,0x31,0x31,0x38,0x31,0x33,0x31,0x33,0x22,0x20,0x63,0x6c,0x61,
  0x73,0x73,0x3d,0x22,0x69,0x63,0x6f,0x6e,0x22,0x20,0x76,0x69,0x65,0x77,0x42,0x6f,
  0x78,0x3d,0x22,0x30,0x20,0x30,0x20,0x31,0x30,0x32,0x34,0x20,0x31,0x30,0x32,0x34,
  0x22,0x20,0x76,0x65,0x72,0x73,0x69,0x6f,0x6e,0x3d,0x22,0x31,0x2e,0x31,0x22,0x20,
  0x78,0x6d,0x6c,0x6e,0x73,0x3d,0x22,0x68,0x74,0x74,0x70,0x3a,0x2f,0x2f,0x77,0x77,
  0x77,0x2e,0x77,0x33,0x2e,0x6f,0x72,0x67,0x2f,0x32,0x30,0x30,0x30,0x2f,0x73,0x76,
  0x67,0x22,0x20,0x70,0x2d,0x69,0x64,0x3d,0x22,0x39,0x37,0x39,0x31,0x22,0x20,0x78,
  0x6d,0x6c,0x6e,0x73,0x3a,0x78,0x6c,0x69,0x6e,0x6b,0x3d,0x22,0x68,0x74,0x74,0x70,
  0x3a,0x2f,0x2f,0x77,0x77,0x77,0x2e,0x77,0x33,0x2e,0x6f,0x72,0x67,0x2f,0x31,0x39,
  0x39,0x39,0x2f,0x78,0x6c,0x69,0x6e,0x6b,0x22,0x20,0x77,0x69,0x64,0x74,0x68,0x3d,
  0x22,0x31,0x36,0x22,0x20,0x68,0x65,0x69,0x67,0x68,0x74,0x3d,0x22,0x31,0x36,0x22,
  0x3e,0x3c,0x70,0x61,0x74,0x68,0x20,0x64,0x3d,0x22,0x4d,0x33,0x31,0x32,0x20,0x38,
  0x35,0x38,0x2e,0x34,0x31,0x4c,0x31,0x31,0x32,0x20,0x35,0x31,0x32,0x6c,0x32,0x30,
  0x30,0x2d,0x33,0x34,0x36,0x2e,0x34,0x31,0x68,0x34,0x30,0x30,0x4c,0x39,0x31,0x32,
  0x20,0x35,0x31,0x32,0x20,0x37,0x31,0x32,0x20,0x38,0x35,0x38,0x2e,0x34,0x31,0x7a,
  0x22,0x20,0x70,0x2d,0x69,0x64,0x3d,0x22,0x39,0x37,0x39,0x32,0x22,0x20,0x66,0x69,
  0x6c,0x6c,0x3d,0x22,0x23,0x31,0x32,0x39,0x36,0x64,0x62,0x22,0x3e,0x3c,0x2f,0x70,
  0x61,0x74,0x68,0x3e,0x3c,0x2f,0x73,0x76,0x67,0x3e,
    // D:/KingSoft/developmentPath/KDevelop-Training/ClassExamProject/icons/selected/circle.svg
  0x0,0x0,0x2,0x19,
  0x3c,
  0x3f,0x78,0x6d,0x6c,0x20,0x76,0x65,0x72,0x73,0x69,0x6f,0x6e,0x3d,0x22,0x31,0x2e,
  0x30,0x22,0x20,0x73,0x74,0x61,0x6e,0x64,0x61,0x6c,0x6f,0x6e,0x65,0x3d,0x22,0x6e,
  0x6f,0x22,0x3f,0x3e,0x3c,0x21,0x44,0x4f,0x43,0x54,0x59,0x50,0x45,0x20,0x73,0x76,
  0x67,0x20,0x50,0x55,0x42,0x4c,0x49,0x43,0x20,0x22,0x2d,0x2f,0x2f,0x57,0x33,0x43,
  0x2f,0x2f,0x44,0x54,0x44,0x20,0x53,0x56,0x47,0x20,0x31,0x2e,0x31,0x2f,0x2f,0x45,
  0x4e,0x22,0x20,0x22,0x68,0x74,0x74,0x70,0x3a,0x2f,0x2f,0x77,0x77,0x77,0x2e,0x77,
  0x33,0x2e,0x6f,0x72,0x67,0x2f,0x47,0x72,0x61,0x70,0x68,0x69,0x63,0x73,0x2f,0x53,
  0x56,0x47,0x2f,0x31,0x2e,0x31,0x2f,0x44,0x54,0x44,0x2f,0x73,0x76,0x67,0x31,0x31,
  0x2e,0x64,0x74,0x64,0x22,0x3e,0x3c,0x73,0x76,0x67,0x20,0x74,0x3d,0x22,0x31,0x36,
  0x33,0x32,0x35,0x36,0x31,0x39,0x36,0x38,0x39,0x37,0x30,0x22,0x20,0x63,0x6c,0x61,
  0x73,0x73,0x3d,0x22,0x69,0x63,0x6f,0x6e,0x22,0x20,0x76,0x69,0x65,0x77,0x42,0x6f,
  0x78,0x3d,0x22,0x30,0x20,0x30,0x20,0x31,0x30,0x32,0x34,0x20,0x31,0x30,0x32,0x34,
  0x22,0x20,0x76,0x65,0x72,0x73,0x69,0x6f,0x6e,0x3d,0x22,0x31,0x2e,0x31,0x22,0x20,
  0x78,0x6d,0x6c,0x6e,0x73,0x3d,0x22,0x68,0x74,0x74,0x70,0x3a,0x2f,0x2f,0x77,0x77,
  0x77,0x2e,0x77,0x33,0x2e,0x6f,0x72,0x67,0x2f,0x32,0x30,0x30,0x30,0x2f,0x73,0x76,
  0x67,0x22,0x20,0x70,0x2d,0x69,0x64,0x3d,0x22,0x32,0x35,0x39,0x31,0x22,0x20,0x78,
  0x6d,0x6c,0x6e,0x73,0x3a,0x78,0x6c,0x69,0x6e,0x6b,0x3d,0x22,0x68,0x74,0x74,0x70,
  0x3a,0x2f,0x2f,0x77,0x77,0x77,0x2e,0x77,0x33,0x2e,0x6f,0x72,0x67,0x2f,0x31,0x39,
  0x39,0x39,0x2f,0x78,0x6c,0x69,0x6e,0x6b,0x22,0x20,0x77,0x69,0x64,0x74,0x68,0x3d,
  0x22,0x32,0x30,0x30,0x22,0x20,0x68,0x65,0x69,0x67,0x68,0x74,0x3d,0x22,0x32,0x30,
  0x30,0x22,0x3e,0x3c,0x64,0x65,0x66,0x73,0x3e,0x3c,0x73,0x74,0x79,0x6c,0x65,0x20,
  0x74,0x79,0x70,0x65,0x3d,0x22,0x74,0x65,0x78,0x74,0x2f,0x63,0x73,0x73,0x22,0x3e,
  0x3c,0x2f,0x73,0x74,0x79,0x6c,0x65,0x3e,0x3c,0x2f,0x64,0x65,0x66,0x73,0x3e,0x3c,
  0x70,0x61,0x74,0x68,0x20,0x64,0x3d,0x22,0x4d,0x36,0x32,0x20,0x35,0x31,0x32,0x63,
  0x30,0x20,0x32,0x34,0x38,0x2e,0x35,0x32,0x38,0x20,0x32,0x30,0x31,0x2e,0x34,0x37,
  0x32,0x20,0x34,0x35,0x30,0x20,0x34,0x35,0x30,0x20,0x34,0x35,0x30,0x73,0x34,0x35,
  0x30,0x2d,0x32,0x30,0x31,0x2e,0x34,0x37,0x32,0x20,0x34,0x35,0x30,0x2d,0x34,0x35,
  0x30,0x63,0x30,0x2d,0x32,0x34,0x38,0x2e,0x35,0x32,0x38,0x2d,0x32,0x30,0x31,0x2e,
  0x34,0x37,0x32,0x2d,0x34,0x35,0x30,0x2d,0x34,0x35,0x30,0x2d,0x34,0x35,0x30,0x2d,
  0x32,0x34,0x38,0x2e,0x35,0x32,0x38,0x20,0x30,0x2d,0x34,0x35,0x30,0x20,0x32,0x30,
  0x31,0x2e,0x34,0x37,0x32,0x2d,0x34,0x35,0x30,0x20,0x34,0x35,0x30,0x7a,0x22,0x20,
  0x70,0x2d,0x69,0x64,0x3d,0x22,0x32,0x35,0x39,0x32,0x22,0x20,0x66,0x69,0x6c,0x6c,
  0x3d,0x22,0x23,0x30,0x30,0x63,0x63,0x66,0x66,0x22,0x3e,0x3c,0x2f,0x70,0x61,0x74,
  0x68,0x3e,0x3c,0x2f,0x73,0x76,0x67,0x3e,
    // D:/KingSoft/developmentPath/KDevelop-Training/ClassExamProject/icons/selected/five.svg
  0x0,0x0,0x1,0xc7,
  0x3c,
  0x3f,0x78,0x6d,0x6c,0x20,0x76,0x65,0x72,0x73,0x69,0x6f,0x6e,0x3d,0x22,0x31,0x2e,
  0x30,0x22,0x20,0x73,0x74,0x61,0x6e,0x64,0x61,0x6c,0x6f,0x6e,0x65,0x3d,0x22,0x6e,
  0x6f,0x22,0x3f,0x3e,0x3c,0x21,0x44,0x4f,0x43,0x54,0x59,0x50,0x45,0x20,0x73,0x76,
  0x67,0x20,0x50,0x55,0x42,0x4c,0x49,0x43,0x20,0x22,0x2d,0x2f,0x2f,0x57,0x33,0x43,
  0x2f,0x2f,0x44,0x54,0x44,0x20,0x53,0x56,0x47,0x20,0x31,0x2e,0x31,0x2f,0x2f,0x45,
  0x4e,0x22,0x20,0x22,0x68,0x74,0x74,0x70,0x3a,0x2f,0x2f,0x77,0x77,0x77,0x2e,0x77,
  0x33,0x2e,0x6f,0x72,0x67,0x2f,0x47,0x72,0x61,0x70,0x68,0x69,0x63,0x73,0x2f,0x53,
  0x56,0x47,0x2f,0x31,0x2e,0x31,0x2f,0x44,0x54,0x44,0x2f,0x73,0x76,0x67,0x31,0x31,
  0x2e,0x64,0x74,0x64,0x22,0x3e,0x3c,0x73,0x76,0x67,0x20,0x74,0x3d,0x22,0x31,0x37,
  0x32,0x32,0x32,0x34,0x31,0x30,0x38,0x34,0x34,0x32,0x35,0x22,0x20,0x63,0x6c,0x61,
  0x73,0x73,0x3d,0x22,0x69,0x63,0x6f,0x6e,0x22,0x20,0x76,0x69,0x65,0x77,0x42,0x6f,
  0x78,0x3d,0x22,0x30,0x20,0x30,0x20,0x31,0x30,0x32,0x34,0x20,0x31,0x30,0x32,0x34,
  0x22,0x20,0x76,0x65,0x72,0x73,0x69,0x6f,0x6e,0x3d,0x22,0x31,0x2e,0x31,0x22,0x20,
  0x78,0x6d,0x6c,0x6e,0x73,0x3d,0x22,0x68,0x74,0x74,0x70,0x3a,0x2f,0x2f,0x77,0x77,
  0x77,0x2e,0x77,0x33,0x2e,0x6f,0x72,0x67,0x2f,0x32,0x30,0x30,0x30,0x2f,0x73,0x76,
  0x67,0x22,0x20,0x70,0x2d,0x69,0x64,0x3d,0x22,0x38,0x32,0x38,0x33,0x22,0x20,0x78,
  0x6d,0x6c,0x6e,0x73,0x3a,0x78,0x6c,0x69,0x6e,0x6b,0x3d,0x22,0x68,0x74,0x74,0x70,
  0x3a,0x2f,0x2f,0x77,0x77,0x77,0x2e,0x77,0x33,0x2e,0x6f,0x72,0x67,0x2f,0x31,0x39,
  0x39,0x39,0x2f,0x78,0x6c,0x69,0x6e,0x6b,0x22,0x20,0x77,0x69,0x64,0x74,0x68,0x3d,
  0x22,0x31,0x36,0x22,0x20,0x68,0x65,0x69,0x67,0x68,0x74,0x3d,0x22,0x31,0x36,0x22,
  0x3e,0x3c,0x70,0x61,0x74,0x68,0x20,0x64,0x3d,0x22,0x4d,0x32,0x33,0x35,0x2e,0x34,
  0x30,0x38,0x20,0x39,0x34,0x36,0x2e,0x30,0x30,0x36,0x6c,0x2d,0x31,0x37,0x30,0x2e,
  0x39,0x33,0x33,0x2d,0x35,0x32,0x36,0x2e,0x31,0x31,0x37,0x20,0x34,0x34,0x37,0x2e,
  0x35,0x30,0x33,0x2d,0x33,0x32,0x35,0x2e,0x31,0x32,0x35,0x20,0x34,0x34,0x37,0x2e,
  0x35,0x32,0x35,0x20,0x33,0x32,0x35,0x2e,0x31,0x32,0x35,0x2d,0x31,0x37,0x30,0x2e,
  0x39,0x33,0x32,0x20,0x35,0x32,0x36,0x2e,0x31,0x31,0x37,0x7a,0x22,0x20,0x70,0x2d,
  0x69,0x64,0x3d,0x22,0x38,0x32,0x38,0x34,0x22,0x20,0x66,0x69,0x6c,0x6c,0x3d,0x22,
  0x23,0x31,0x32,0x39,0x36,0x64,0x62,0x22,0x3e,0x3c,0x2f,0x70,0x61,0x74,0x68,0x3e,
  0x3c,0x2f,0x73,0x76,0x67,0x3e,
    // D:/KingSoft/developmentPath/KDevelop-Training/ClassExamProject/icons/selected/text.svg
  0x0,0x0,0x3,0x2d,
  0x3c,
  0x3f,0x78,0x6d,0x6c,0x20,0x76,0x65,0x72,0x73,0x69,0x6f,0x6e,0x3d,0x22,0x31,0x2e,
  0x30,0x22,0x20,0x73,0x74,0x61,0x6e,0x64,0x61,0x6c,0x6f,0x6e,0x65,0x3d,0x22,0x6e,
  0x6f,0x22,0x3f,0x3e,0x3c,0x21,0x44,0x4f,0x43,0x54,0x59,0x50,0x45,0x20,0x73,0x76,
  0x67,0x20,0x50,0x55,0x42,0x4c,0x49,0x43,0x20,0x22,0x2d,0x2f,0x2f,0x57,0x33,0x43,
  0x2f,0x2f,0x44,0x54,0x44,0x20,0x53,0x56,0x47,0x20,0x31,0x2e,0x31,0x2f,0x2f,0x45,
  0x4e,0x22,0x20,0x22,0x68,0x74,0x74,0x70,0x3a,0x2f,0x2f,0x77,0x77,0x77,0x2e,0x77,
  0x33,0x2e,0x6f,0x72,0x67,0x2f,0x47,0x72,0x61,0x70,0x68,0x69,0x63,0x73,0x2f,0x53,
  0x56,0x47,0x2f,0x31,0x2e,0x31,0x2f,0x44,0x54,0x44,0x2f,0x73,0x76,0x67,0x31,0x31,
  0x2e,0x64,0x74,0x64,0x22,0x3e,0x3c,0x73,0x76,0x67,0x20,0x74,0x3d,0x22,0x31,0x36,
  0x33,0x32,0x35,0x36,0x32,0x33,0x34,0x32,0x34,0x33,0x35,0x22,0x20,0x63,0x6c,0x61,
  0x73,0x73,0x3d,0x22,0x69,0x63,0x6f,0x6e,0x22,0x20,0x76,0x69,0x65,0x77,0x42,0x6f,
  0x78,0x3d,0x22,0x30,0x20,0x30,0x20,0x31,0x30,0x32,0x34,0x20,0x31,0x30,0x32,0x34,
  0x22,0x20,0x76,0x65,0x72,0x73,0x69,0x6f,0x6e,0x3d,0x22,0x31,0x2e,0x31,0x22,0x20,
  0x78,0x6d,0x6c,0x6e,0x73,0x3d,0x22,0x68,0x74,0x74,0x70,0x3a,0x2f,0x2f,0x77,0x77,
  0x77,0x2e,0x77,0x33,0x2e,0x6f,0x72,0x67,0x2f,0x32,0x30,0x30,0x30,0x2f,0x73,0x76,
  0x67,0x22,0x20,0x70,0x2d,0x69,0x64,0x3d,0x22,0x37,0x33,0x38,0x35,0x22,0x20,0x78,
  0x6d,0x6c,0x6e,0x73,0x3a,0x78,0x6c,0x69,0x6e,0x6b,0x3d,0x22,0x68,0x74,0x74,0x70,
  0x3a,0x2f,0x2f,0x77,0x77,0x77,0x2e,0x77,0x33,0x2e,0x6f,0x72,0x67,0x2f,0x31,0x39,
  0x39,0x39,0x2f,0x78,0x6c,0x69,0x6e,0x6b,0x22,0x20,0x77,0x69,0x64,0x74,0x68,0x3d,
  0x22,0x32,0x30,0x30,0x22,0x20,0x68,0x65,0x69,0x67,0x68,0x74,0x3d,0x22,0x32,0x30,
  0x30,0x22,0x3e,0x3c,0x64,0x65,0x66,0x73,0x3e,0x3c,0x73,0x74,0x79,0x6c,0x65,0x20,
  0x74,0x79,0x70,0x65,0x3d,0x22,0x74,0x65,0x78,0x74,0x2f,0x63,0x73,0x73,0x22,0x3e,
  0x3c,0x2f,0x73,0x74,0x79,0x6c,0x65,0x3e,0x3c,0x2f,0x64,0x65,0x66,0x73,0x3e,0x3c,
  0x70,0x61,0x74,0x68,0x20,0x64,0x3d,0x22,0x4d,0x31,0x30,0x30,0x2e,0x39,0x39,0x32,
  0x20,0x36,0x34,0x6c,0x38,0x32,0x32,0x2e,0x30,0x31,0x36,0x20,0x30,0x20,0x30,0x20,
  0x32,0x37,0x37,0x2e,0x34,0x34,0x2d,0x33,0x36,0x2e,0x33,0x35,0x32,0x20,0x30,0x63,
  0x30,0x20,0x30,0x2d,0x36,0x39,0x2e,0x33,0x37,0x36,0x2d,0x31,0x36,0x39,0x2e,0x34,
  0x30,0x38,0x2d,0x31,0x35,0x31,0x2e,0x32,0x33,0x32,0x2d,0x31,0x38,0x34,0x2e,0x31,
  0x39,0x32,0x2d,0x38,0x31,0x2e,0x38,0x35,0x36,0x2d,0x31,0x34,0x2e,0x37,0x38,0x34,
  0x2d,0x31,0x33,0x38,0x2e,0x37,0x35,0x32,0x2d,0x34,0x2e,0x36,0x30,0x38,0x2d,0x31,
  0x33,0x38,0x2e,0x37,0x35,0x32,0x2d,0x34,0x2e,0x36,0x30,0x38,0x4c,0x35,0x39,0x35,
  0x2e,0x36,0x34,0x38,0x20,0x38,0x35,0x39,0x2e,0x39,0x36,0x38,0x63,0x30,0x20,0x30,
  0x20,0x32,0x32,0x2e,0x37,0x32,0x20,0x34,0x37,0x2e,0x38,0x30,0x38,0x20,0x36,0x30,
  0x2e,0x32,0x32,0x34,0x20,0x35,0x31,0x2e,0x32,0x6c,0x38,0x33,0x2e,0x30,0x30,0x38,
  0x20,0x30,0x4c,0x37,0x33,0x38,0x2e,0x38,0x38,0x20,0x39,0x36,0x30,0x20,0x32,0x38,
  0x35,0x2e,0x31,0x38,0x34,0x20,0x39,0x36,0x30,0x6c,0x31,0x2e,0x31,0x35,0x32,0x2d,
  0x35,0x30,0x2e,0x30,0x34,0x38,0x4c,0x33,0x35,0x39,0x2e,0x30,0x34,0x20,0x39,0x30,
  0x38,0x2e,0x38,0x63,0x30,0x20,0x30,0x20,0x35,0x34,0x2e,0x35,0x39,0x32,0x2d,0x31,
  0x37,0x2e,0x30,0x38,0x38,0x20,0x35,0x34,0x2e,0x35,0x39,0x32,0x2d,0x35,0x36,0x2e,
  0x38,0x39,0x36,0x20,0x30,0x2d,0x33,0x39,0x2e,0x37,0x34,0x34,0x20,0x31,0x2e,0x31,
  0x35,0x32,0x2d,0x36,0x39,0x33,0x2e,0x35,0x36,0x38,0x20,0x31,0x2e,0x31,0x35,0x32,
  0x2d,0x36,0x39,0x33,0x2e,0x35,0x36,0x38,0x53,0x33,0x32,0x34,0x2e,0x39,0x39,0x32,
  0x20,0x31,0x34,0x35,0x2e,0x39,0x32,0x20,0x32,0x37,0x38,0x2e,0x33,0x33,0x36,0x20,
  0x31,0x35,0x37,0x2e,0x33,0x31,0x32,0x43,0x32,0x33,0x31,0x2e,0x37,0x34,0x34,0x20,
  0x31,0x36,0x38,0x2e,0x36,0x34,0x20,0x31,0x34,0x39,0x2e,0x38,0x32,0x34,0x20,0x32,
  0x33,0x36,0x2e,0x38,0x36,0x34,0x20,0x31,0x33,0x37,0x2e,0x33,0x34,0x34,0x20,0x33,
  0x33,0x36,0x2e,0x38,0x39,0x36,0x4c,0x31,0x30,0x30,0x2e,0x39,0x39,0x32,0x20,0x33,
  0x33,0x38,0x2e,0x30,0x34,0x38,0x20,0x31,0x30,0x30,0x2e,0x39,0x39,0x32,0x20,0x36,
  0x34,0x7a,0x22,0x20,0x70,0x2d,0x69,0x64,0x3d,0x22,0x37,0x33,0x38,0x36,0x22,0x20,
  0x66,0x69,0x6c,0x6c,0x3d,0x22,0x23,0x30,0x30,0x63,0x63,0x66,0x66,0x22,0x3e,0x3c,
  0x2f,0x70,0x61,0x74,0x68,0x3e,0x3c,0x2f,0x73,0x76,0x67,0x3e,
    // D:/KingSoft/developmentPath/KDevelop-Training/ClassExamProject/icons/selected/line.svg
  0x0,0x0,0x2,0x27,
  0x3c,
  0x3f,0x78,0x6d,0x6c,0x20,0x76,0x65,0x72,0x73,0x69,0x6f,0x6e,0x3d,0x22,0x31,0x2e,
  0x30,0x22,0x20,0x73,0x74,0x61,0x6e,0x64,0x61,0x6c,0x6f,0x6e,0x65,0x3d,0x22,0x6e,
  0x6f,0x22,0x3f,0x3e,0x3c,0x21,0x44,0x4f,0x43,0x54,0x59,0x50,0x45,0x20,0x73,0x76,
  0x67,0x20,0x50,0x55,0x42,0x4c,0x49,0x43,0x20,0x22,0x2d,0x2f,0x2f,0x57,0x33,0x43,
  0x2f,0x2f,0x44,0x54,0x44,0x20,0x53,0x56,0x47,0x20,0x31,0x2e,0x31,0x2f,0x2f,0x45,
  0x4e,0x22,0x20,0x22,0x68,0x74,0x74,0x70,0x3a,0x2f,0x2f,0x77,0x77,0x77,0x2e,0x77,
  0x33,0x2e,0x6f,0x72,0x67,0x2f,0x47,0x72,0x61,0x70,0x68,0x69,0x63,0x73,0x2f,0x53,
  0x56,0x47,0x2f,0x31,0x2e,0x31,0x2f,0x44,0x54,0x44,0x2f,0x73,0x76,0x67,0x31,0x31,
  0x2e,0x64,0x74,0x64,0x22,0x3e,0x3c,0x73,0x76,0x67,0x20,0x74,0x3d,0x22,0x31,0x36,
  0x33,0x32,0x35,0x36,0x32,0x30,0x38,0x35,0x37,0x30,0x32,0x22,0x20,0x63,0x6c,0x61,
  0x73,0x73,0x3d,0x22,0x69,0x63,0x6f,0x6e,0x22,0x20,0x76,0x69,0x65,0x77,0x42,0x6f,
  0x78,0x3d,0x22,0x30,0x20,0x30,0x20,0x31,0x30,0x32,0x34,0x20,0x31,0x30,0x32,0x34,
  0x22,0x20,0x76,0x65,0x72,0x73,0x69,0x6f,0x6e,0x3d,0x22,0x31,0x2e,0x31,0x22,0x20,
  0x78,0x6d,0x6c,0x6e,0x73,0x3d,0x22,0x68,0x74,0x74,0x70,0x3a,0x2f,0x2f,0x77,0x77,
  0x77,0x2e,0x77,0x33,0x2e,0x6f,0x72,0x67,0x2f,0x32,0x30,0x30,0x30,0x2f,0x73,0x76,
  0x67,0x22,0x20,0x70,0x2d,0x69,0x64,0x3d,0x22,0x33,0x33,0x30,0x31,0x22,0x20,0x78,
  0x6d,0x6c,0x6e,0x73,0x3a,0x78,0x6c,0x69,0x6e,0x6b,0x3d,0x22,0x68,0x74,0x74,0x70,
  0x3a,0x2f,0x2f,0x77,0x77,0x77,0x2e,0x77,0x33,0x2e,0x6f,0x72,0x67,0x2f,0x31,0x39,
  0x39,0x39,0x2f,0x78,0x6c,0x69,0x6e,0x6b,0x22,0x20,0x77,0x69,0x64,0x74,0x68,0x3d,
  0x22,0x32,0x30,0x30,0x22,0x20,0x68,0x65,0x69,0x67,0x68,0x74,0x3d,0x22,0x32,0x30,
  0x30,0x22,0x3e,0x3c,0x64,0x65,0x66,0x73,0x3e,0x3c,0x73,0x74,0x79,0x6c,0x65,0x20,
  0x74,0x79,0x70,0x65,0x3d,0x22,0x74,0x65,0x78,0x74,0x2f,0x63,0x73,0x73,0x22,0x3e,
  0x3c,0x2f,0x73,0x74,0x79,0x6c,0x65,0x3e,0x3c,0x2f,0x64,0x65,0x66,0x73,0x3e,0x3c,
  0x70,0x61,0x74,0x68,0x20,0x64,0x3d,0x22,0x4d,0x31,0x33,0x30,0x2e,0x31,0x20,0x32,
  0x32,0x33,0x2e,0x37,0x6c,0x38,0x33,0x33,0x2e,0x32,0x20,0x34,0x38,0x31,0x63,0x33,
  0x32,0x2e,0x39,0x20,0x31,0x39,0x20,0x34,0x34,0x2e,0x31,0x20,0x36,0x31,0x20,0x32,
  0x35,0x2e,0x32,0x20,0x39,0x33,0x2e,0x39,0x73,0x2d,0x36,0x31,0x20,0x34,0x34,0x2e,
  0x31,0x2d,0x39,0x33,0x2e,0x39,0x20,0x32,0x35,0x2e,0x32,0x6c,0x2d,0x38,0x33,0x33,
  0x2e,0x32,0x2d,0x34,0x38,0x31,0x63,0x2d,0x33,0x32,0x2e,0x39,0x2d,0x31,0x39,0x2d,
  0x34,0x34,0x2e,0x31,0x2d,0x36,0x31,0x2d,0x32,0x35,0x2e,0x32,0x2d,0x39,0x33,0x2e,
  0x39,0x20,0x31,0x39,0x2d,0x33,0x32,0x2e,0x39,0x20,0x36,0x31,0x2d,0x34,0x34,0x2e,
  0x31,0x20,0x39,0x33,0x2e,0x39,0x2d,0x32,0x35,0x2e,0x32,0x7a,0x22,0x20,0x70,0x2d,
  0x69,0x64,0x3d,0x22,0x33,0x33,0x30,0x32,0x22,0x20,0x66,0x69,0x6c,0x6c,0x3d,0x22,
  0x23,0x30,0x30,0x63,0x63,0x66,0x66,0x22,0x3e,0x3c,0x2f,0x70,0x61,0x74,0x68,0x3e,
  0x3c,0x2f,0x73,0x76,0x67,0x3e,
    // D:/KingSoft/developmentPath/KDevelop-Training/ClassExamProject/icons/selected/rect.svg
  0x0,0x0,0x1,0xbc,
  0x3c,
  0x3f,0x78,0x6d,0x6c,0x20,0x76,0x65,0x72,0x73,0x69,0x6f,0x6e,0x3d,0x22,0x31,0x2e,
  0x30,0x22,0x20,0x73,0x74,0x61,0x6e,0x64,0x61,0x6c,0x6f,0x6e,0x65,0x3d,0x22,0x6e,
  0x6f,0x22,0x3f,0x3e,0x3c,0x21,0x44,0x4f,0x43,0x54,0x59,0x50,0x45,0x20,0x73,0x76,
  0x67,0x20,0x50,0x55,0x42,0x4c,0x49,0x43,0x20,0x22,0x2d,0x2f,0x2f,0x57,0x33,0x43,
  0x2f,0x2f,0x44,0x54,0x44,0x20,0x53,0x56,0x47,0x20,0x31,0x2e,0x31,0x2f,0x2f,0x45,
  0x4e,0x22,0x20,0x22,0x68,0x74,0x74,0x70,0x3a,0x2f,0x2f,0x77,0x77,0x77,0x2e,0x77,
  0x33,0x2e,0x6f,0x72,0x67,0x2f,0x47,0x72,0x61,0x70,0x68,0x69,0x63,0x73,0x2f,0x53,
  0x56,0x47,0x2f,0x31,0x2e,0x31,0x2f,0x44,0x54,0x44,0x2f,0x73,0x76,0x67,0x31,0x31,
  0x2e,0x64,0x74,0x64,0x22,0x3e,0x3c,0x73,0x76,0x67,0x20,0x74,0x3d,0x22,0x31,0x36,
  0x33,0x32,0x35,0x36,0x32,0x34,0x32,0x38,0x38,0x37,0x31,0x22,0x20,0x63,0x6c,0x61,
  0x73,0x73,0x3d,0x22,0x69,0x63,0x6f,0x6e,0x22,0x20,0x76,0x69,0x65,0x77,0x42,0x6f,
  0x78,0x3d,0x22,0x30,0x20,0x30,0x20,0x31,0x30,0x32,0x34,0x20,0x31,0x30,0x32,0x34,
  0x22,0x20,0x76,0x65,0x72,0x73,0x69,0x6f,0x6e,0x3d,0x22,0x31,0x2e,0x31,0x22,0x20,
  0x78,0x6d,0x6c,0x6e,0x73,0x3d,0x22,0x68,0x74,0x74,0x70,0x3a,0x2f,0x2f,0x77,0x77,
  0x77,0x2e,0x77,0x33,0x2e,0x6f,0x72,0x67,0x2f,0x32,0x30,0x30,0x30,0x2f,0x73,0x76,
  0x67,0x22,0x20,0x70,0x2d,0x69,0x64,0x3d,0x22,0x39,0x33,0x33,0x36,0x22,0x20,0x78,
  0x6d,0x6c,0x6e,0x73,0x3a,0x78,0x6c,0x69,0x6e,0x6b,0x3d,0x22,0x68,0x74,0x74,0x70,
  0x3a,0x2f,0x2f,0x77,0x77,0x77,0x2e,0x77,0x33,0x2e,0x6f,0x72,0x67,0x2f,0x31,0x39,
  0x39,0x39,0x2f,0x78,0x6c,0x69,0x6e,0x6b,0x22,0x20,0x77,0x69,0x64,0x74,0x68,0x3d,
  0x22,0x32,0x30,0x30,0x22,0x20,0x68,0x65,0x69,0x67,0x68,0x74,0x3d,0x22,0x32,0x30,
  0x30,0x22,0x3e,0x3c,0x64,0x65,0x66,0x73,0x3e,0x3c,0x73,0x74,0x79,0x6c,0x65,0x20,
  0x74,0x79,0x70,0x65,0x3d,0x22,0x74,0x65,0x78,0x74,0x2f,0x63,0x73,0x73,0x22,0x3e,
  0x3c,0x2f,0x73,0x74,0x79,0x6c,0x65,0x3e,0x3c,0x2f,0x64,0x65,0x66,0x73,0x3e,0x3c,
  0x70,0x61,0x74,0x68,0x20,0x64,0x3d,0x22,0x4d,0x36,0x32,0x20,0x36,0x32,0x68,0x39,
  0x30,0x30,0x76,0x39,0x30,0x30,0x68,0x2d,0x39,0x30,0x30,0x76,0x2d,0x39,0x30,0x30,
  0x7a,0x22,0x20,0x70,0x2d,0x69,0x64,0x3d,0x22,0x39,0x33,0x33,0x37,0x22,0x20,0x66,
  0x69,0x6c,0x6c,0x3d,0x22,0x23,0x30,0x30,0x63,0x63,0x66,0x66,0x22,0x3e,0x3c,0x2f,
  0x70,0x61,0x74,0x68,0x3e,0x3c,0x2f,0x73,0x76,0x67,0x3e,
    // D:/KingSoft/developmentPath/KDevelop-Training/ClassExamProject/icons/selected/star.svg
  0x0,0x0,0x6,0x58,
  0x3c,
  0x3f,0x78,0x6d,0x6c,0x20,0x76,0x65,0x72,0x73,0x69,0x6f,0x6e,0x3d,0x22,0x31,0x2e,
  0x30,0x22,0x20,0x73,0x74,0x61,0x6e,0x64,0x61,0x6c,0x6f,0x6e,0x65,0x3d,0x22,0x6e,
  0x6f,0x22,0x3f,0x3e,0x3c,0x21,0x44,0x4f,0x43,0x54,0x59,0x50,0x45,0x20,0x73,0x76,
  0x67,0x20,0x50,0x55,0x42,0x4c,0x49,0x43,0x20,0x22,0x2d,0x2f,0x2f,0x57,0x33,0x43,
  0x2f,0x2f,0x44,0x54,0x44,0x20,0x53,0x56,0x47,0x20,0x31,0x2e,0x31,0x2f,0x2f,0x45,
  0x4e,0x22,0x20,0x22,0x68,0x74,0x74,0x70,0x3a,0x2f,0x2f,0x77,0x77,0x77,0x2e,0x77,
  0x33,0x2e,0x6f,0x72,0x67,0x2f,0x47,0x72,0x61,0x70,0x68,0x69,0x63,0x73,0x2f,0x53,
  0x56,0x47,0x2f,0x31,0x2e,0x31,0x2f,0x44,0x54,0x44,0x2f,0x73,0x76,0x67,0x31,0x31,
  0x2e,0x64,0x74,0x64,0x22,0x3e,0x3c,0x73,0x76,0x67,0x20,0x74,0x3d,0x22,0x31,0x37,
  0x32,0x32,0x32,0x34,0x31,0x30,0x30,0x37,0x36,0x32,0x30,0x22,0x20,0x63,0x6c,0x61,
  0x73,0x73,0x3d,0x22,0x69,0x63,0x6f,0x6e,0x22,0x20,0x76,0x69,0x65,0x77,0x42,0x6f,
  0x78,0x3d,0x22,0x30,0x20,0x30,0x20,0x31,0x30,0x32,0x34,0x20,0x31,0x30,0x32,0x34,
  0x22,0x20,0x76,0x65,0x72,0x73,0x69,0x6f,0x6e,0x3d,0x22,0x31,0x2e,0x31,0x22,0x20,
  0x78,0x6d,0x6c,0x6e,0x73,0x3d,0x22,0x68,0x74,0x74,0x70,0x3a,0x2f,0x2f,0x77,0x77,
  0x77,0x2e,0x77,0x33,0x2e,0x6f,0x72,0x67,0x2f,0x32,0x30,0x30,0x30,0x2f,0x73,0x76,
  0x67,0x22,0x20,0x70,0x2d,0x69,0x64,0x3d,0x22,0x37,0x31,0x35,0x34,0x22,0x20,0x78,
  0x6d,0x6c,0x6e,0x73,0x3a,0x78,0x6c,0x69,0x6e,0x6b,0x3d,0x22,0x68,0x74,0x74,0x70,
  0x3a,0x2f,0x2f,0x77,0x77,0x77,0x2e,0x77,0x33,0x2e,0x6f,0x72,0x67,0x2f,0x31,0x39,
  0x39,0x39,0x2f,0x78,0x6c,0x69,0x6e,0x6b,0x22,0x20,0x77,0x69,0x64,0x74,0x68,0x3d,
  0x22,0x31,0x36,0x22,0x20,0x68,0x65,0x69,0x67,0x68,0x74,0x3d,0x22,0x31,0x36,0x22,
  0x3e,0x3c,0x70,0x61,0x74,0x68,0x20,0x64,0x3d,0x22,0x4d,0x37,0x38,0x31,0x2e,0x31,
  0x38,0x36,0x30,0x38,0x38,0x20,0x36,0x31,0x36,0x2e,0x30,0x33,0x31,0x38,0x37,0x33,
  0x71,0x31,0x37,0x2e,0x33,0x33,0x38,0x36,0x34,0x35,0x20,0x38,0x30,0x2e,0x35,0x37,
  0x33,0x37,0x30,0x35,0x20,0x33,0x30,0x2e,0x35,0x39,0x37,0x36,0x31,0x20,0x31,0x34,
  0x35,0x2e,0x38,0x34,0x38,0x36,0x30,0x36,0x20,0x36,0x2e,0x31,0x31,0x39,0x35,0x32,
  0x32,0x20,0x32,0x37,0x2e,0x35,0x33,0x37,0x38,0x34,0x39,0x20,0x31,0x31,0x2e,0x32,
  0x31,0x39,0x31,0x32,0x34,0x20,0x35,0x35,0x2e,0x30,0x37,0x35,0x36,0x39,0x37,0x74,
  0x39,0x2e,0x36,0x38,0x39,0x32,0x34,0x33,0x20,0x34,0x39,0x2e,0x39,0x37,0x36,0x30,
  0x39,0x36,0x20,0x37,0x2e,0x36,0x34,0x39,0x34,0x30,0x32,0x20,0x33,0x38,0x2e,0x32,
  0x34,0x37,0x30,0x31,0x32,0x20,0x34,0x2e,0x30,0x37,0x39,0x36,0x38,0x31,0x20,0x31,
  0x39,0x2e,0x38,0x38,0x38,0x34,0x34,0x36,0x71,0x33,0x2e,0x30,0x35,0x39,0x37,0x36,
  0x31,0x20,0x32,0x30,0x2e,0x33,0x39,0x38,0x34,0x30,0x36,0x2d,0x39,0x2e,0x31,0x37,
  0x39,0x32,0x38,0x33,0x20,0x32,0x37,0x2e,0x30,0x32,0x37,0x38,0x38,0x38,0x74,0x2d,
  0x32,0x37,0x2e,0x35,0x33,0x37,0x38,0x34,0x39,0x20,0x36,0x2e,0x36,0x32,0x39,0x34,
  0x38,0x32,0x71,0x2d,0x35,0x2e,0x30,0x39,0x39,0x36,0x30,0x32,0x20,0x30,0x2d,0x31,
  0x34,0x2e,0x37,0x38,0x38,0x38,0x34,0x35,0x2d,0x33,0x2e,0x35,0x36,0x39,0x37,0x32,
  0x31,0x74,0x2d,0x31,0x34,0x2e,0x37,0x38,0x38,0x38,0x34,0x35,0x2d,0x35,0x2e,0x36,
  0x30,0x39,0x35,0x36,0x32,0x6c,0x2d,0x32,0x36,0x36,0x2e,0x31,0x39,0x39,0x32,0x30,
  0x33,0x2d,0x31,0x35,0x35,0x2e,0x30,0x32,0x37,0x38,0x38,0x38,0x71,0x2d,0x37,0x32,
  0x2e,0x34,0x31,0x34,0x33,0x34,0x33,0x20,0x34,0x32,0x2e,0x38,0x33,0x36,0x36,0x35,
  0x33,0x2d,0x31,0x33,0x31,0x2e,0x35,0x36,0x39,0x37,0x32,0x31,0x20,0x37,0x36,0x2e,
  0x34,0x39,0x34,0x30,0x32,0x34,0x2d,0x32,0x35,0x2e,0x34,0x39,0x38,0x30,0x30,0x38,
  0x20,0x31,0x34,0x2e,0x32,0x37,0x38,0x38,0x38,0x34,0x2d,0x35,0x30,0x2e,0x34,0x38,
  0x36,0x30,0x35,0x36,0x20,0x32,0x38,0x2e,0x35,0x35,0x37,0x37,0x36,0x39,0x74,0x2d,
  0x34,0x35,0x2e,0x33,0x38,0x36,0x34,0x35,0x34,0x20,0x32,0x36,0x2e,0x35,0x31,0x37,
  0x39,0x32,0x38,0x2d,0x33,0x35,0x2e,0x31,0x38,0x37,0x32,0x35,0x31,0x20,0x32,0x30,
  0x2e,0x33,0x39,0x38,0x34,0x30,0x36,0x2d,0x31,0x39,0x2e,0x38,0x38,0x38,0x34,0x34,
  0x36,0x20,0x31,0x30,0x2e,0x31,0x39,0x39,0x32,0x30,0x33,0x71,0x2d,0x31,0x30,0x2e,
  0x31,0x39,0x39,0x32,0x30,0x33,0x20,0x35,0x2e,0x30,0x39,0x39,0x36,0x30,0x32,0x2d,
  0x32,0x30,0x2e,0x39,0x30,0x38,0x33,0x36,0x37,0x20,0x33,0x2e,0x35,0x36,0x39,0x37,
  0x32,0x31,0x74,0x2d,0x31,0x39,0x2e,0x33,0x37,0x38,0x34,0x38,0x36,0x2d,0x37,0x2e,
  0x36,0x34,0x39,0x34,0x30,0x32,0x2d,0x31,0x32,0x2e,0x37,0x34,0x39,0x30,0x30,0x34,
  0x2d,0x31,0x34,0x2e,0x37,0x38,0x38,0x38,0x34,0x35,0x2d,0x32,0x2e,0x30,0x33,0x39,
  0x38,0x34,0x31,0x2d,0x31,0x37,0x2e,0x38,0x34,0x38,0x36,0x30,0x36,0x71,0x31,0x2e,
  0x30,0x31,0x39,0x39,0x32,0x2d,0x34,0x2e,0x30,0x37,0x39,0x36,0x38,0x31,0x20,0x35,
  0x2e,0x30,0x39,0x39,0x36,0x30,0x32,0x2d,0x31,0x39,0x2e,0x38,0x38,0x38,0x34,0x34,
  0x36,0x74,0x39,0x2e,0x31,0x37,0x39,0x32,0x38,0x33,0x2d,0x33,0x37,0x2e,0x37,0x33,
  0x37,0x30,0x35,0x32,0x20,0x31,0x31,0x2e,0x37,0x32,0x39,0x30,0x38,0x34,0x2d,0x34,
  0x38,0x2e,0x34,0x34,0x36,0x32,0x31,0x35,0x20,0x31,0x33,0x2e,0x37,0x36,0x38,0x39,
  0x32,0x34,0x2d,0x35,0x34,0x2e,0x30,0x35,0x35,0x37,0x37,0x37,0x71,0x31,0x35,0x2e,
  0x32,0x39,0x38,0x38,0x30,0x35,0x2d,0x36,0x33,0x2e,0x32,0x33,0x35,0x30,0x36,0x20,
  0x33,0x34,0x2e,0x36,0x37,0x37,0x32,0x39,0x31,0x2d,0x31,0x34,0x32,0x2e,0x37,0x38,
  0x38,0x38,0x34,0x35,0x2d,0x36,0x30,0x2e,0x31,0x37,0x35,0x32,0x39,0x39,0x2d,0x35,
  0x32,0x2e,0x30,0x31,0x35,0x39,0x33,0x36,0x2d,0x31,0x30,0x38,0x2e,0x31,0x31,0x31,
  0x35,0x35,0x34,0x2d,0x39,0x32,0x2e,0x38,0x31,0x32,0x37,0x34,0x39,0x2d,0x32,0x30,
  0x2e,0x33,0x39,0x38,0x34,0x30,0x36,0x2d,0x31,0x37,0x2e,0x33,0x33,0x38,0x36,0x34,
  0x35,0x2d,0x34,0x30,0x2e,0x32,0x38,0x36,0x38,0x35,0x33,0x2d,0x33,0x34,0x2e,0x31,
  0x36,0x37,0x33,0x33,0x31,0x74,0x2d,0x33,0x35,0x2e,0x36,0x39,0x37,0x32,0x31,0x31,
  0x2d,0x33,0x30,0x2e,0x35,0x39,0x37,0x36,0x31,0x2d,0x32,0x36,0x2e,0x30,0x30,0x37,
  0x39,0x36,0x38,0x2d,0x32,0x32,0x2e,0x34,0x33,0x38,0x32,0x34,0x37,0x2d,0x31,0x31,
  0x2e,0x32,0x31,0x39,0x31,0x32,0x34,0x2d,0x39,0x2e,0x36,0x38,0x39,0x32,0x34,0x33,
  0x71,0x2d,0x31,0x32,0x2e,0x32,0x33,0x39,0x30,0x34,0x34,0x2d,0x31,0x31,0x2e,0x32,
  0x31,0x39,0x31,0x32,0x34,0x2d,0x32,0x30,0x2e,0x39,0x30,0x38,0x33,0x36,0x37,0x2d,
  0x32,0x34,0x2e,0x39,0x38,0x38,0x30,0x34,0x38,0x74,0x2d,0x36,0x2e,0x36,0x32,0x39,
  0x34,0x38,0x32,0x2d,0x32,0x38,0x2e,0x30,0x34,0x37,0x38,0x30,0x39,0x20,0x31,0x31,
  0x2e,0x32,0x31,0x39,0x31,0x32,0x34,0x2d,0x32,0x32,0x2e,0x34,0x33,0x38,0x32,0x34,
  0x37,0x20,0x32,0x30,0x2e,0x33,0x39,0x38,0x34,0x30,0x36,0x2d,0x31,0x30,0x2e,0x31,
  0x39,0x39,0x32,0x30,0x33,0x6c,0x33,0x31,0x35,0x2e,0x31,0x35,0x35,0x33,0x37,0x38,
  0x2d,0x32,0x38,0x2e,0x35,0x35,0x37,0x37,0x36,0x39,0x20,0x31,0x31,0x37,0x2e,0x32,
  0x39,0x30,0x38,0x33,0x37,0x2d,0x32,0x37,0x33,0x2e,0x33,0x33,0x38,0x36,0x34,0x35,
  0x71,0x36,0x2e,0x31,0x31,0x39,0x35,0x32,0x32,0x2d,0x31,0x36,0x2e,0x33,0x31,0x38,
  0x37,0x32,0x35,0x20,0x31,0x37,0x2e,0x33,0x33,0x38,0x36,0x34,0x35,0x2d,0x32,0x38,
  0x2e,0x30,0x34,0x37,0x38,0x30,0x39,0x74,0x33,0x30,0x2e,0x35,0x39,0x37,0x36,0x31,
  0x2d,0x31,0x31,0x2e,0x37,0x32,0x39,0x30,0x38,0x34,0x71,0x31,0x30,0x2e,0x31,0x39,
  0x39,0x32,0x30,0x33,0x20,0x30,0x20,0x31,0x37,0x2e,0x38,0x34,0x38,0x36,0x30,0x36,
  0x20,0x34,0x2e,0x35,0x38,0x39,0x36,0x34,0x31,0x74,0x31,0x32,0x2e,0x37,0x34,0x39,
  0x30,0x30,0x34,0x20,0x31,0x30,0x2e,0x37,0x30,0x39,0x31,0x36,0x33,0x20,0x38,0x2e,
  0x36,0x36,0x39,0x33,0x32,0x33,0x20,0x31,0x32,0x2e,0x32,0x33,0x39,0x30,0x34,0x34,
  0x20,0x35,0x2e,0x36,0x30,0x39,0x35,0x36,0x32,0x20,0x31,0x30,0x2e,0x31,0x39,0x39,
  0x32,0x30,0x33,0x6c,0x31,0x31,0x34,0x2e,0x32,0x33,0x31,0x30,0x37,0x36,0x20,0x32,
  0x37,0x33,0x2e,0x33,0x33,0x38,0x36,0x34,0x35,0x20,0x33,0x31,0x35,0x2e,0x31,0x35,
  0x35,0x33,0x37,0x38,0x20,0x32,0x39,0x2e,0x35,0x37,0x37,0x36,0x38,0x39,0x71,0x32,
  0x30,0x2e,0x33,0x39,0x38,0x34,0x30,0x36,0x20,0x35,0x2e,0x30,0x39,0x39,0x36,0x30,
  0x32,0x20,0x32,0x38,0x2e,0x35,0x35,0x37,0x37,0x36,0x39,0x20,0x31,0x32,0x2e,0x32,
  0x33,0x39,0x30,0x34,0x34,0x74,0x38,0x2e,0x31,0x35,0x39,0x33,0x36,0x33,0x20,0x32,
  0x32,0x2e,0x34,0x33,0x38,0x32,0x34,0x37,0x71,0x30,0x20,0x31,0x34,0x2e,0x32,0x37,
  0x38,0x38,0x38,0x34,0x2d,0x38,0x2e,0x36,0x36,0x39,0x33,0x32,0x33,0x20,0x32,0x34,
  0x2e,0x39,0x38,0x38,0x30,0x34,0x38,0x74,0x2d,0x32,0x31,0x2e,0x39,0x32,0x38,0x32,
  0x38,0x37,0x20,0x32,0x36,0x2e,0x30,0x30,0x37,0x39,0x36,0x38,0x7a,0x22,0x20,0x70,
  0x2d,0x69,0x64,0x3d,0x22,0x37,0x31,0x35,0x35,0x22,0x20,0x66,0x69,0x6c,0x6c,0x3d,
  0x22,0x23,0x31,0x32,0x39,0x36,0x64,0x62,0x22,0x3e,0x3c,0x2f,0x70,0x61,0x74,0x68,
  0x3e,0x3c,0x2f,0x73,0x76,0x67,0x3e,
    // D:/KingSoft/developmentPath/KDevelop-Training/ClassExamProject/icons/selected/mouse.svg
  0x0,0x0,0x3,0x48,
  0x3c,
  0x3f,0x78,0x6d,0x6c,0x20,0x76,0x65,0x72,0x73,0x69,0x6f,0x6e,0x3d,0x22,0x31,0x2e,
  0x30,0x22,0x20,0x73,0x74,0x61,0x6e,0x64,0x61,0x6c,0x6f,0x6e,0x65,0x3d,0x22,0x6e,
  0x6f,0x22,0x3f,0x3e,0x3c,0x21,0x44,0x4f,0x43,0x54,0x59,0x50,0x45,0x20,0x73,0x76,
  0x67,0x20,0x50,0x55,0x42,0x4c,0x49,0x43,0x20,0x22,0x2d,0x2f,0x2f,0x57,0x33,0x43,
  0x2f,0x2f,0x44,0x54,0x44,0x20,0x53,0x56,0x47,0x20,0x31,0x2e,0x31,0x2f,0x2f,0x45,
  0x4e,0x22,0x20,0x22,0x68,0x74,0x74,0x70,0x3a,0x2f,0x2f,0x77,0x77,0x77,0x2e,0x77,
  0x33,0x2e,0x6f,0x72,0x67,0x2f,0x47,0x72,0x61,0x70,0x68,0x69,0x63,0x73,0x2f,0x53,
  0x56,0x47,0x2f,0x31,0x2e,0x31,0x2f,0x44,0x54,0x44,0x2f,0x73,0x76,0x67,0x31,0x31,
  0x2e,0x64,0x74,0x64,0x22,0x3e,0x3c,0x73,0x76,0x67,0x20,0x74,0x3d,0x22,0x31,0x36,
  0x33,0x32,0x35,0x36,0x32,0x31,0x36,0x39,0x38,0x37,0x37,0x22,0x20,0x63,0x6c,0x61,
  0x73,0x73,0x3d,0x22,0x69,0x63,0x6f,0x6e,0x22,0x20,0x76,0x69,0x65,0x77,0x42,0x6f,
  0x78,0x3d,0x22,0x30,0x20,0x30,0x20,0x31,0x30,0x32,0x34,0x20,0x31,0x30,0x32,0x34,
  0x22,0x20,0x76,0x65,0x72,0x73,0x69,0x6f,0x6e,0x3d,0x22,0x31,0x2e,0x31,0x22,0x20,
  0x78,0x6d,0x6c,0x6e,0x73,0x3d,0x22,0x68,0x74,0x74,0x70,0x3a,0x2f,0x2f,0x77,0x77,
  0x77,0x2e,0x77,0x33,0x2e,0x6f,0x72,0x67,0x2f,0x32,0x30,0x30,0x30,0x2f,0x73,0x76,
  0x67,0x22,0x20,0x70,0x2d,0x69,0x64,0x3d,0x22,0x35,0x30,0x38,0x39,0x22,0x20,0x78,
  0x6d,0x6c,0x6e,0x73,0x3a,0x78,0x6c,0x69,0x6e,0x6b,0x3d,0x22,0x68,0x74,0x74,0x70,
  0x3a,0x2f,0x2f,0x77,0x77,0x77,0x2e,0x77,0x33,0x2e,0x6f,0x72,0x67,0x2f,0x31,0x39,
  0x39,0x39,0x2f,0x78,0x6c,0x69,0x6e,0x6b,0x22,0x20,0x77,0x69,0x64,0x74,0x68,0x3d,
  0x22,0x32,0x30,0x30,0x22,0x20,0x68,0x65,0x69,0x67,0x68,0x74,0x3d,0x22,0x32,0x30,
  0x30,0x22,0x3e,0x3c,0x64,0x65,0x66,0x73,0x3e,0x3c,0x73,0x74,0x79,0x6c,0x65,0x20,
  0x74,0x79,0x70,0x65,0x3d,0x22,0x74,0x65,0x78,0x74,0x2f,0x63,0x73,0x73,0x22,0x3e,
  0x3c,0x2f,0x73,0x74,0x79,0x6c,0x65,0x3e,0x3c,0x2f,0x64,0x65,0x66,0x73,0x3e,0x3c,
  0x70,0x61,0x74,0x68,0x20,0x64,0x3d,0x22,0x4d,0x38,0x33,0x36,0x2e,0x35,0x34,0x20,
  0x34,0x32,0x39,0x2e,0x35,0x32,0x36,0x36,0x36,0x37,0x6c,0x2d,0x34,0x39,0x38,0x2e,
  0x38,0x33,0x33,0x33,0x33,0x33,0x2d,0x32,0x38,0x38,0x2d,0x39,0x31,0x2e,0x39,0x34,
  0x36,0x36,0x36,0x37,0x2d,0x35,0x33,0x2e,0x30,0x38,0x36,0x36,0x36,0x37,0x63,0x2d,
  0x31,0x30,0x2d,0x35,0x2e,0x37,0x38,0x2d,0x31,0x38,0x2e,0x35,0x35,0x33,0x33,0x33,
  0x33,0x2d,0x32,0x2e,0x31,0x2d,0x32,0x31,0x2e,0x37,0x36,0x2d,0x30,0x2e,0x32,0x34,
  0x36,0x36,0x36,0x37,0x41,0x32,0x31,0x2e,0x33,0x33,0x33,0x33,0x33,0x33,0x20,0x32,
  0x31,0x2e,0x33,0x33,0x33,0x33,0x33,0x33,0x20,0x30,0x20,0x30,0x20,0x30,0x20,0x32,
  0x31,0x33,0x2e,0x33,0x33,0x33,0x33,0x33,0x33,0x20,0x31,0x30,0x36,0x2e,0x36,0x36,
  0x36,0x36,0x36,0x37,0x76,0x36,0x38,0x32,0x2e,0x36,0x36,0x36,0x36,0x36,0x36,0x61,
  0x32,0x31,0x2e,0x33,0x33,0x33,0x33,0x33,0x33,0x20,0x32,0x31,0x2e,0x33,0x33,0x33,
  0x33,0x33,0x33,0x20,0x30,0x20,0x30,0x20,0x30,0x20,0x33,0x36,0x2e,0x31,0x31,0x33,
  0x33,0x33,0x34,0x20,0x31,0x35,0x2e,0x33,0x38,0x36,0x36,0x36,0x37,0x6c,0x31,0x35,
  0x34,0x2e,0x36,0x36,0x36,0x36,0x36,0x36,0x2d,0x31,0x34,0x38,0x2e,0x35,0x38,0x36,
  0x36,0x36,0x37,0x20,0x31,0x33,0x30,0x2e,0x33,0x38,0x20,0x32,0x32,0x35,0x2e,0x38,
  0x32,0x36,0x36,0x36,0x37,0x41,0x35,0x33,0x2e,0x33,0x33,0x33,0x33,0x33,0x33,0x20,
  0x35,0x33,0x2e,0x33,0x33,0x33,0x33,0x33,0x33,0x20,0x30,0x20,0x30,0x20,0x30,0x20,
  0x36,0x30,0x37,0x2e,0x33,0x33,0x33,0x33,0x33,0x33,0x20,0x39,0x30,0x31,0x2e,0x34,
  0x38,0x36,0x36,0x36,0x37,0x6c,0x31,0x32,0x39,0x2e,0x33,0x33,0x33,0x33,0x33,0x34,
  0x2d,0x37,0x34,0x2e,0x36,0x36,0x36,0x36,0x36,0x37,0x61,0x35,0x33,0x2e,0x33,0x33,
  0x33,0x33,0x33,0x33,0x20,0x35,0x33,0x2e,0x33,0x33,0x33,0x33,0x33,0x33,0x20,0x30,
  0x20,0x30,0x20,0x30,0x20,0x31,0x39,0x2e,0x35,0x32,0x36,0x36,0x36,0x36,0x2d,0x37,
  0x32,0x2e,0x38,0x36,0x4c,0x36,0x32,0x35,0x2e,0x38,0x20,0x35,0x32,0x38,0x2e,0x31,
  0x33,0x33,0x33,0x33,0x33,0x6c,0x32,0x30,0x36,0x2d,0x35,0x39,0x2e,0x36,0x34,0x61,
  0x32,0x31,0x2e,0x33,0x33,0x33,0x33,0x33,0x33,0x20,0x32,0x31,0x2e,0x33,0x33,0x33,
  0x33,0x33,0x33,0x20,0x30,0x20,0x30,0x20,0x30,0x20,0x34,0x2e,0x37,0x33,0x33,0x33,
  0x33,0x33,0x2d,0x33,0x38,0x2e,0x39,0x36,0x36,0x36,0x36,0x36,0x7a,0x22,0x20,0x66,
  0x69,0x6c,0x6c,0x3d,0x22,0x23,0x30,0x30,0x63,0x63,0x66,0x66,0x22,0x20,0x70,0x2d,
  0x69,0x64,0x3d,0x22,0x35,0x30,0x39,0x30,0x22,0x3e,0x3c,0x2f,0x70,0x61,0x74,0x68,
  0x3e,0x3c,0x2f,0x73,0x76,0x67,0x3e,
    // D:/KingSoft/developmentPath/KDevelop-Training/ClassExamProject/icons/selected/pen.svg
  0x0,0x0,0x6,0x8,
  0x3c,
  0x3f,0x78,0x6d,0x6c,0x20,0x76,0x65,0x72,0x73,0x69,0x6f,0x6e,0x3d,0x22,0x31,0x2e,
  0x30,0x22,0x20,0x73,0x74,0x61,0x6e,0x64,0x61,0x6c,0x6f,0x6e,0x65,0x3d,0x22,0x6e,
  0x6f,0x22,0x3f,0x3e,0x3c,0x21,0x44,0x4f,0x43,0x54,0x59,0x50,0x45,0x20,0x73,0x76,
  0x67,0x20,0x50,0x55,0x42,0x4c,0x49,0x43,0x20,0x22,0x2d,0x2f,0x2f,0x57,0x33,0x43,
  0x2f,0x2f,0x44,0x54,0x44,0x20,0x53,0x56,0x47,0x20,0x31,0x2e,0x31,0x2f,0x2f,0x45,
  0x4e,0x22,0x20,0x22,0x68,0x74,0x74,0x70,0x3a,0x2f,0x2f,0x77,0x77,0x77,0x2e,0x77,
  0x33,0x2e,0x6f,0x72,0x67,0x2f,0x47,0x72,0x61,0x70,0x68,0x69,0x63,0x73,0x2f,0x53,
  0x56,0x47,0x2f,0x31,0x2e,0x31,0x2f,0x44,0x54,0x44,0x2f,0x73,0x76,0x67,0x31,0x31,
  0x2e,0x64,0x74,0x64,0x22,0x3e,0x3c,0x73,0x76,0x67,0x20,0x74,0x3d,0x22,0x31,0x36,
  0x33,0x32,0x35,0x36,0x32,0x32,0x37,0x31,0x39,0x33,0x36,0x22,0x20,0x63,0x6c,0x61,
  0x73,0x73,0x3d,0x22,0x69,0x63,0x6f,0x6e,0x22,0x20,0x76,0x69,0x65,0x77,0x42,0x6f,
  0x78,0x3d,0x22,0x30,0x20,0x30,0x20,0x31,0x30,0x32,0x38,0x20,0x31,0x30,0x32,0x34,
  0x22,0x20,0x76,0x65,0x72,0x73,0x69,0x6f,0x6e,0x3d,0x22,0x31,0x2e,0x31,0x22,0x20,
  0x78,0x6d,0x6c,0x6e,0x73,0x3d,0x22,0x68,0x74,0x74,0x70,0x3a,0x2f,0x2f,0x77,0x77,
  0x77,0x2e,0x77,0x33,0x2e,0x6f,0x72,0x67,0x2f,0x32,0x30,0x30,0x30,0x2f,0x73,0x76,
  0x67,0x22,0x20,0x70,0x2d,0x69,0x64,0x3d,0x22,0x36,0x32,0x39,0x36,0x22,0x20,0x78,
  0x6d,0x6c,0x6e,0x73,0x3a,0x78,0x6c,0x69,0x6e,0x6b,0x3d,0x22,0x68,0x74,0x74,0x70,
  0x3a,0x2f,0x2f,0x77,0x77,0x77,0x2e,0x77,0x33,0x2e,0x6f,0x72,0x67,0x2f,0x31,0x39,
  0x39,0x39,0x2f,0x78,0x6c,0x69,0x6e,0x6b,0x22,0x20,0x77,0x69,0x64,0x74,0x68,0x3d,
  0x22,0x32,0x30,0x30,0x2e,0x37,0x38,0x31,0x32,0x35,0x22,0x20,0x68,0x65,0x69,0x67,
  0x68,0x74,0x3d,0x22,0x32,0x30,0x30,0x22,0x3e,0x3c,0x64,0x65,0x66,0x73,0x3e,0x3c,
  0x73,0x74,0x79,0x6c,0x65,0x20,0x74,0x79,0x70,0x65,0x3d,0x22,0x74,0x65,0x78,0x74,
  0x2f,0x63,0x73,0x73,0x22,0x3e,0x3c,0x2f,0x73,0x74,0x79,0x6c,0x65,0x3e,0x3c,0x2f,
  0x64,0x65,0x66,0x73,0x3e,0x3c,0x70,0x61,0x74,0x68,0x20,0x64,0x3d,0x22,0x4d,0x31,
  0x30,0x31,0x38,0x2e,0x33,0x31,0x39,0x39,0x32,0x34,0x20,0x31,0x31,0x32,0x2e,0x31,
  0x31,0x37,0x35,0x33,0x35,0x71,0x34,0x2e,0x30,0x39,0x33,0x37,0x34,0x38,0x20,0x39,
  0x2e,0x32,0x31,0x30,0x39,0x33,0x34,0x20,0x36,0x2e,0x36,0x35,0x32,0x33,0x34,0x31,
  0x20,0x32,0x31,0x2e,0x34,0x39,0x32,0x31,0x37,0x39,0x74,0x32,0x2e,0x35,0x35,0x38,
  0x35,0x39,0x33,0x20,0x32,0x35,0x2e,0x35,0x38,0x35,0x39,0x32,0x38,0x2d,0x35,0x2e,
  0x31,0x31,0x37,0x31,0x38,0x36,0x20,0x32,0x36,0x2e,0x36,0x30,0x39,0x33,0x36,0x35,
  0x2d,0x31,0x36,0x2e,0x33,0x37,0x34,0x39,0x39,0x34,0x20,0x32,0x35,0x2e,0x35,0x38,
  0x35,0x39,0x32,0x38,0x71,0x2d,0x31,0x32,0x2e,0x32,0x38,0x31,0x32,0x34,0x35,0x20,
  0x31,0x32,0x2e,0x32,0x38,0x31,0x32,0x34,0x35,0x2d,0x32,0x32,0x2e,0x30,0x30,0x33,
  0x38,0x39,0x38,0x20,0x32,0x31,0x2e,0x34,0x39,0x32,0x31,0x37,0x39,0x74,0x2d,0x31,
  0x36,0x2e,0x38,0x38,0x36,0x37,0x31,0x32,0x20,0x31,0x36,0x2e,0x33,0x37,0x34,0x39,
  0x39,0x34,0x71,0x2d,0x38,0x2e,0x31,0x38,0x37,0x34,0x39,0x37,0x20,0x38,0x2e,0x31,
  0x38,0x37,0x34,0x39,0x37,0x2d,0x31,0x35,0x2e,0x33,0x35,0x31,0x35,0x35,0x37,0x20,
  0x31,0x34,0x2e,0x33,0x32,0x38,0x31,0x32,0x6c,0x2d,0x31,0x39,0x31,0x2e,0x33,0x38,
  0x32,0x37,0x33,0x39,0x2d,0x31,0x39,0x31,0x2e,0x33,0x38,0x32,0x37,0x33,0x39,0x71,
  0x31,0x32,0x2e,0x32,0x38,0x31,0x32,0x34,0x35,0x2d,0x31,0x31,0x2e,0x32,0x35,0x37,
  0x38,0x30,0x38,0x20,0x32,0x39,0x2e,0x31,0x36,0x37,0x39,0x35,0x38,0x2d,0x32,0x37,
  0x2e,0x31,0x32,0x31,0x30,0x38,0x33,0x74,0x32,0x38,0x2e,0x31,0x34,0x34,0x35,0x32,
  0x31,0x2d,0x32,0x35,0x2e,0x30,0x37,0x34,0x32,0x30,0x39,0x71,0x31,0x34,0x2e,0x33,
  0x32,0x38,0x31,0x32,0x2d,0x31,0x31,0x2e,0x32,0x35,0x37,0x38,0x30,0x38,0x20,0x32,
  0x39,0x2e,0x36,0x37,0x39,0x36,0x37,0x36,0x2d,0x31,0x35,0x2e,0x38,0x36,0x33,0x32,
  0x37,0x35,0x74,0x33,0x30,0x2e,0x31,0x39,0x31,0x33,0x39,0x35,0x2d,0x34,0x2e,0x30,
  0x39,0x33,0x37,0x34,0x38,0x20,0x32,0x38,0x2e,0x36,0x35,0x36,0x32,0x33,0x39,0x20,
  0x34,0x2e,0x36,0x30,0x35,0x34,0x36,0x37,0x20,0x32,0x34,0x2e,0x30,0x35,0x30,0x37,
  0x37,0x32,0x20,0x39,0x2e,0x32,0x31,0x30,0x39,0x33,0x34,0x71,0x32,0x31,0x2e,0x34,
  0x39,0x32,0x31,0x37,0x39,0x20,0x31,0x31,0x2e,0x32,0x35,0x37,0x38,0x30,0x38,0x20,
  0x34,0x37,0x2e,0x35,0x38,0x39,0x38,0x32,0x36,0x20,0x33,0x39,0x2e,0x34,0x30,0x32,
  0x33,0x32,0x39,0x74,0x34,0x30,0x2e,0x34,0x32,0x35,0x37,0x36,0x36,0x20,0x35,0x38,
  0x2e,0x38,0x34,0x37,0x36,0x33,0x34,0x7a,0x4d,0x32,0x32,0x31,0x2e,0x30,0x36,0x32,
  0x34,0x31,0x36,0x20,0x36,0x31,0x31,0x2e,0x35,0x35,0x34,0x38,0x34,0x35,0x71,0x36,
  0x2e,0x31,0x34,0x30,0x36,0x32,0x33,0x2d,0x36,0x2e,0x31,0x34,0x30,0x36,0x32,0x33,
  0x20,0x32,0x38,0x2e,0x36,0x35,0x36,0x32,0x33,0x39,0x2d,0x32,0x39,0x2e,0x31,0x36,
  0x37,0x39,0x35,0x38,0x74,0x35,0x36,0x2e,0x32,0x38,0x39,0x30,0x34,0x31,0x2d,0x35,
  0x36,0x2e,0x38,0x30,0x30,0x37,0x36,0x6c,0x37,0x34,0x2e,0x37,0x31,0x30,0x39,0x30,
  0x39,0x2d,0x37,0x34,0x2e,0x37,0x31,0x30,0x39,0x30,0x39,0x20,0x38,0x32,0x2e,0x38,
  0x39,0x38,0x34,0x30,0x36,0x2d,0x38,0x32,0x2e,0x38,0x39,0x38,0x34,0x30,0x36,0x20,
  0x32,0x32,0x30,0x2e,0x30,0x33,0x38,0x39,0x37,0x39,0x2d,0x32,0x32,0x30,0x2e,0x30,
  0x33,0x38,0x39,0x37,0x39,0x20,0x31,0x39,0x31,0x2e,0x33,0x38,0x32,0x37,0x33,0x39,
  0x20,0x31,0x39,0x32,0x2e,0x34,0x30,0x36,0x31,0x37,0x37,0x2d,0x32,0x32,0x30,0x2e,
  0x30,0x33,0x38,0x39,0x37,0x39,0x20,0x32,0x32,0x30,0x2e,0x30,0x33,0x38,0x39,0x37,
  0x39,0x2d,0x38,0x31,0x2e,0x38,0x37,0x34,0x39,0x36,0x39,0x20,0x38,0x32,0x2e,0x38,
  0x39,0x38,0x34,0x30,0x36,0x71,0x2d,0x34,0x30,0x2e,0x39,0x33,0x37,0x34,0x38,0x34,
  0x20,0x33,0x39,0x2e,0x39,0x31,0x34,0x30,0x34,0x37,0x2d,0x37,0x33,0x2e,0x36,0x38,
  0x37,0x34,0x37,0x32,0x20,0x37,0x33,0x2e,0x31,0x37,0x35,0x37,0x35,0x33,0x74,0x2d,
  0x35,0x34,0x2e,0x32,0x34,0x32,0x31,0x36,0x37,0x20,0x35,0x34,0x2e,0x37,0x35,0x33,
  0x38,0x38,0x35,0x2d,0x32,0x35,0x2e,0x35,0x38,0x35,0x39,0x32,0x38,0x20,0x32,0x34,
  0x2e,0x35,0x36,0x32,0x34,0x39,0x31,0x71,0x2d,0x31,0x30,0x2e,0x32,0x33,0x34,0x33,
  0x37,0x31,0x20,0x39,0x2e,0x32,0x31,0x30,0x39,0x33,0x34,0x2d,0x32,0x33,0x2e,0x35,
  0x33,0x39,0x30,0x35,0x34,0x20,0x31,0x39,0x2e,0x34,0x34,0x35,0x33,0x30,0x35,0x74,
  0x2d,0x32,0x37,0x2e,0x36,0x33,0x32,0x38,0x30,0x32,0x20,0x31,0x36,0x2e,0x33,0x37,
  0x34,0x39,0x39,0x34,0x71,0x2d,0x31,0x34,0x2e,0x33,0x32,0x38,0x31,0x32,0x20,0x37,
  0x2e,0x31,0x36,0x34,0x30,0x36,0x2d,0x34,0x31,0x2e,0x39,0x36,0x30,0x39,0x32,0x31,
  0x20,0x31,0x37,0x2e,0x33,0x39,0x38,0x34,0x33,0x31,0x74,0x2d,0x35,0x37,0x2e,0x38,
  0x32,0x34,0x31,0x39,0x37,0x20,0x31,0x39,0x2e,0x39,0x35,0x37,0x30,0x32,0x34,0x2d,
  0x35,0x37,0x2e,0x33,0x31,0x32,0x34,0x37,0x38,0x20,0x31,0x36,0x2e,0x38,0x38,0x36,
  0x37,0x31,0x32,0x2d,0x34,0x30,0x2e,0x34,0x32,0x35,0x37,0x36,0x36,0x20,0x39,0x2e,
  0x32,0x31,0x30,0x39,0x33,0x34,0x71,0x2d,0x32,0x37,0x2e,0x36,0x33,0x32,0x38,0x30,
  0x32,0x20,0x33,0x2e,0x30,0x37,0x30,0x33,0x31,0x31,0x2d,0x33,0x36,0x2e,0x38,0x34,
  0x33,0x37,0x33,0x36,0x2d,0x38,0x2e,0x31,0x38,0x37,0x34,0x39,0x37,0x74,0x2d,0x35,
  0x2e,0x31,0x31,0x37,0x31,0x38,0x36,0x2d,0x33,0x37,0x2e,0x38,0x36,0x37,0x31,0x37,
  0x33,0x71,0x32,0x2e,0x30,0x34,0x36,0x38,0x37,0x34,0x2d,0x31,0x34,0x2e,0x33,0x32,
  0x38,0x31,0x32,0x20,0x39,0x2e,0x37,0x32,0x32,0x36,0x35,0x33,0x2d,0x34,0x31,0x2e,
  0x34,0x34,0x39,0x32,0x30,0x33,0x74,0x31,0x36,0x2e,0x33,0x37,0x34,0x39,0x39,0x34,
  0x2d,0x35,0x36,0x2e,0x32,0x38,0x39,0x30,0x34,0x31,0x20,0x31,0x36,0x2e,0x38,0x38,
  0x36,0x37,0x31,0x32,0x2d,0x35,0x33,0x2e,0x37,0x33,0x30,0x34,0x34,0x38,0x20,0x31,
  0x33,0x2e,0x33,0x30,0x34,0x36,0x38,0x32,0x2d,0x33,0x33,0x2e,0x37,0x37,0x33,0x34,
  0x32,0x35,0x71,0x36,0x2e,0x31,0x34,0x30,0x36,0x32,0x33,0x2d,0x31,0x34,0x2e,0x33,
  0x32,0x38,0x31,0x32,0x20,0x31,0x33,0x2e,0x38,0x31,0x36,0x34,0x30,0x31,0x2d,0x32,
  0x36,0x2e,0x30,0x39,0x37,0x36,0x34,0x36,0x74,0x32,0x32,0x2e,0x30,0x30,0x33,0x38,
  0x39,0x38,0x2d,0x32,0x36,0x2e,0x30,0x39,0x37,0x36,0x34,0x36,0x7a,0x22,0x20,0x70,
  0x2d,0x69,0x64,0x3d,0x22,0x36,0x32,0x39,0x37,0x22,0x20,0x66,0x69,0x6c,0x6c,0x3d,
  0x22,0x23,0x30,0x30,0x63,0x63,0x66,0x66,0x22,0x3e,0x3c,0x2f,0x70,0x61,0x74,0x68,
  0x3e,0x3c,0x2f,0x73,0x76,0x67,0x3e,
    // D:/KingSoft/developmentPath/KDevelop-Training/ClassExamProject/icons/hover/six.svg
  0x0,0x0,0x1,0xab,
  0x3c,
  0x3f,0x78,0x6d,0x6c,0x20,0x76,0x65,0x72,0x73,0x69,0x6f,0x6e,0x3d,0x22,0x31,0x2e,
  0x30,0x22,0x20,0x73,0x74,0x61,0x6e,0x64,0x61,0x6c,0x6f,0x6e,0x65,0x3d,0x22,0x6e,
  0x6f,0x22,0x3f,0x3e,0x3c,0x21,0x44,0x4f,0x43,0x54,0x59,0x50,0x45,0x20,0x73,0x76,
  0x67,0x20,0x50,0x55,0x42,0x4c,0x49,0x43,0x20,0x22,0x2d,0x2f,0x2f,0x57,0x33,0x43,
  0x2f,0x2f,0x44,0x54,0x44,0x20,0x53,0x56,0x47,0x20,0x31,0x2e,0x31,0x2f,0x2f,0x45,
  0x4e,0x22,0x20,0x22,0x68,0x74,0x74,0x70,0x3a,0x2f,0x2f,0x77,0x77,0x77,0x2e,0x77,
  0x33,0x2e,0x6f,0x72,0x67,0x2f,0x47,0x72,0x61,0x70,0x68,0x69,0x63,0x73,0x2f,0x53,
  0x56,0x47,0x2f,0x31,0x2e,0x31,0x2f,0x44,0x54,0x44,0x2f,0x73,0x76,0x67,0x31,0x31,
  0x2e,0x64,0x74,0x64,0x22,0x3e,0x3c,0x73,0x76,0x67,0x20,0x74,0x3d,0x22,0x31,0x37,
  0x32,0x32,0x32,0x34,0x31,0x31,0x38,0x31,0x33,0x31,0x33,0x22,0x20,0x63,0x6c,0x61,
  0x73,0x73,0x3d,0x22,0x69,0x63,0x6f,0x6e,0x22,0x20,0x76,0x69,0x65,0x77,0x42,0x6f,
  0x78,0x3d,0x22,0x30,0x20,0x30,0x20,0x31,0x30,0x32,0x34,0x20,0x31,0x30,0x32,0x34,
  0x22,0x20,0x76,0x65,0x72,0x73,0x69,0x6f,0x6e,0x3d,0x22,0x31,0x2e,0x31,0x22,0x20,
  0x78,0x6d,0x6c,0x6e,0x73,0x3d,0x22,0x68,0x74,0x74,0x70,0x3a,0x2f,0x2f,0x77,0x77,
  0x77,0x2e,0x77,0x33,0x2e,0x6f,0x72,0x67,0x2f,0x32,0x30,0x30,0x30,0x2f,0x73,0x76,
  0x67,0x22,0x20,0x70,0x2d,0x69,0x64,0x3d,0x22,0x39,0x37,0x39,0x31,0x22,0x20,0x78,
  0x6d,0x6c,0x6e,0x73,0x3a,0x78,0x6c,0x69,0x6e,0x6b,0x3d,0x22,0x68,0x74,0x74,0x70,
  0x3a,0x2f,0x2f,0x77,0x77,0x77,0x2e,0x77,0x33,0x2e,0x6f,0x72,0x67,0x2f,0x31,0x39,
  0x39,0x39,0x2f,0x78,0x6c,0x69,0x6e,0x6b,0x22,0x20,0x77,0x69,0x64,0x74,0x68,0x3d,
  0x22,0x31,0x36,0x22,0x20,0x68,0x65,0x69,0x67,0x68,0x74,0x3d,0x22,0x31,0x36,0x22,
  0x3e,0x3c,0x70,0x61,0x74,0x68,0x20,0x64,0x3d,0x22,0x4d,0x33,0x31,0x32,0x20,0x38,
  0x35,0x38,0x2e,0x34,0x31,0x4c,0x31,0x31,0x32,0x20,0x35,0x31,0x32,0x6c,0x32,0x30,
  0x30,0x2d,0x33,0x34,0x36,0x2e,0x34,0x31,0x68,0x34,0x30,0x30,0x4c,0x39,0x31,0x32,
  0x20,0x35,0x31,0x32,0x20,0x37,0x31,0x32,0x20,0x38,0x35,0x38,0x2e,0x34,0x31,0x7a,
  0x22,0x20,0x70,0x2d,0x69,0x64,0x3d,0x22,0x39,0x37,0x39,0x32,0x22,0x20,0x66,0x69,
  0x6c,0x6c,0x3d,0x22,0x23,0x66,0x66,0x66,0x66,0x66,0x66,0x22,0x3e,0x3c,0x2f,0x70,
  0x61,0x74,0x68,0x3e,0x3c,0x2f,0x73,0x76,0x67,0x3e,
    // D:/KingSoft/developmentPath/KDevelop-Training/ClassExamProject/icons/hover/circle.svg
  0x0,0x0,0x2,0x19,
  0x3c,
  0x3f,0x78,0x6d,0x6c,0x20,0x76,0x65,0x72,0x73,0x69,0x6f,0x6e,0x3d,0x22,0x31,0x2e,
  0x30,0x22,0x20,0x73,0x74,0x61,0x6e,0x64,0x61,0x6c,0x6f,0x6e,0x65,0x3d,0x22,0x6e,
  0x6f,0x22,0x3f,0x3e,0x3c,0x21,0x44,0x4f,0x43,0x54,0x59,0x50,0x45,0x20,0x73,0x76,
  0x67,0x20,0x50,0x55,0x42,0x4c,0x49,0x43,0x20,0x22,0x2d,0x2f,0x2f,0x57,0x33,0x43,
  0x2f,0x2f,0x44,0x54,0x44,0x20,0x53,0x56,0x47,0x20,0x31,0x2e,0x31,0x2f,0x2f,0x45,
  0x4e,0x22,0x20,0x22,0x68,0x74,0x74,0x70,0x3a,0x2f,0x2f,0x77,0x77,0x77,0x2e,0x77,
  0x33,0x2e,0x6f,0x72,0x67,0x2f,0x47,0x72,0x61,0x70,0x68,0x69,0x63,0x73,0x2f,0x53,
  0x56,0x47,0x2f,0x31,0x2e,0x31,0x2f,0x44,0x54,0x44,0x2f,0x73,0x76,0x67,0x31,0x31,
  0x2e,0x64,0x74,0x64,0x22,0x3e,0x3c,0x73,0x76,0x67,0x20,0x74,0x3d,0x22,0x31,0x36,
  0x33,0x32,0x35,0x36,0x31,0x39,0x36,0x38,0x39,0x37,0x30,0x22,0x20,0x63,0x6c,0x61,
  0x73,0x73,0x3d,0x22,0x69,0x63,0x6f,0x6e,0x22,0x20,0x76,0x69,0x65,0x77,0x42,0x6f,
  0x78,0x3d,0x22,0x30,0x20,0x30,0x20,0x31,0x30,0x32,0x34,0x20,0x31,0x30,0x32,0x34,
  0x22,0x20,0x76,0x65,0x72,0x73,0x69,0x6f,0x6e,0x3d,0x22,0x31,0x2e,0x31,0x22,0x20,
  0x78,0x6d,0x6c,0x6e,0x73,0x3d,0x22,0x68,0x74,0x74,0x70,0x3a,0x2f,0x2f,0x77,0x77,
  0x77,0x2e,0x77,0x33,0x2e,0x6f,0x72,0x67,0x2f,0x32,0x30,0x30,0x30,0x2f,0x73,0x76,
  0x67,0x22,0x20,0x70,0x2d,0x69,0x64,0x3d,0x22,0x32,0x35,0x39,0x31,0x22,0x20,0x78,
  0x6d,0x6c,0x6e,0x73,0x3a,0x78,0x6c,0x69,0x6e,0x6b,0x3d,0x22,0x68,0x74,0x74,0x70,
  0x3a,0x2f,0x2f,0x77,0x77,0x77,0x2e,0x77,0x33,0x2e,0x6f,0x72,0x67,0x2f,0x31,0x39,
  0x39,0x39,0x2f,0x78,0x6c,0x69,0x6e,0x6b,0x22,0x20,0x77,0x69,0x64,0x74,0x68,0x3d,
  0x22,0x32,0x30,0x30,0x22,0x20,0x68,0x65,0x69,0x67,0x68,0x74,0x3d,0x22,0x32,0x30,
  0x30,0x22,0x3e,0x3c,0x64,0x65,0x66,0x73,0x3e,0x3c,0x73,0x74,0x79,0x6c,0x65,0x20,
  0x74,0x79,0x70,0x65,0x3d,0x22,0x74,0x65,0x78,0x74,0x2f,0x63,0x73,0x73,0x22,0x3e,
  0x3c,0x2f,0x73,0x74,0x79,0x6c,0x65,0x3e,0x3c,0x2f,0x64,0x65,0x66,0x73,0x3e,0x3c,
  0x70,0x61,0x74,0x68,0x20,0x64,0x3d,0x22,0x4d,0x36,0x32,0x20,0x35,0x31,0x32,0x63,
  0x30,0x20,0x32,0x34,0x38,0x2e,0x35,0x32,0x38,0x20,0x32,0x30,0x31,0x2e,0x34,0x37,
  0x32,0x20,0x34,0x35,0x30,0x20,0x34,0x35,0x30,0x20,0x34,0x35,0x30,0x73,0x34,0x35,
  0x30,0x2d,0x32,0x30,0x31,0x2e,0x34,0x37,0x32,0x20,0x34,0x35,0x30,0x2d,0x34,0x35,
  0x30,0x63,0x30,0x2d,0x32,0x34,0x38,0x2e,0x35,0x32,0x38,0x2d,0x32,0x30,0x31,0x2e,
  0x34,0x37,0x32,0x2d,0x34,0x35,0x30,0x2d,0x34,0x35,0x30,0x2d,0x34,0x35,0x30,0x2d,
  0x32,0x34,0x38,0x2e,0x35,0x32,0x38,0x20,0x30,0x2d,0x34,0x35,0x30,0x20,0x32,0x30,
  0x31,0x2e,0x34,0x37,0x32,0x2d,0x34,0x35,0x30,0x20,0x34,0x35,0x30,0x7a,0x22,0x20,
  0x70,0x2d,0x69,0x64,0x3d,0x22,0x32,0x35,0x39,0x32,0x22,0x20,0x66,0x69,0x6c,0x6c,
  0x3d,0x22,0x23,0x46,0x46,0x46,0x46,0x46,0x46,0x22,0x3e,0x3c,0x2f,0x70,0x61,0x74,
  0x68,0x3e,0x3c,0x2f,0x73,0x76,0x67,0x3e,
    // D:/KingSoft/developmentPath/KDevelop-Training/ClassExamProject/icons/hover/five.svg
  0x0,0x0,0x1,0xc7,
  0x3c,
  0x3f,0x78,0x6d,0x6c,0x20,0x76,0x65,0x72,0x73,0x69,0x6f,0x6e,0x3d,0x22,0x31,0x2e,
  0x30,0x22,0x20,0x73,0x74,0x61,0x6e,0x64,0x61,0x6c,0x6f,0x6e,0x65,0x3d,0x22,0x6e,
  0x6f,0x22,0x3f,0x3e,0x3c,0x21,0x44,0x4f,0x43,0x54,0x59,0x50,0x45,0x20,0x73,0x76,
  0x67,0x20,0x50,0x55,0x42,0x4c,0x49,0x43,0x20,0x22,0x2d,0x2f,0x2f,0x57,0x33,0x43,
  0x2f,0x2f,0x44,0x54,0x44,0x20,0x53,0x56,0x47,0x20,0x31,0x2e,0x31,0x2f,0x2f,0x45,
  0x4e,0x22,0x20,0x22,0x68,0x74,0x74,0x70,0x3a,0x2f,0x2f,0x77,0x77,0x77,0x2e,0x77,
  0x33,0x2e,0x6f,0x72,0x67,0x2f,0x47,0x72,0x61,0x70,0x68,0x69,0x63,0x73,0x2f,0x53,
  0x56,0x47,0x2f,0x31,0x2e,0x31,0x2f,0x44,0x54,0x44,0x2f,0x73,0x76,0x67,0x31,0x31,
  0x2e,0x64,0x74,0x64,0x22,0x3e,0x3c,0x73,0x76,0x67,0x20,0x74,0x3d,0x22,0x31,0x37,
  0x32,0x32,0x32,0x34,0x31,0x30,0x38,0x34,0x34,0x32,0x35,0x22,0x20,0x63,0x6c,0x61,
  0x73,0x73,0x3d,0x22,0x69,0x63,0x6f,0x6e,0x22,0x20,0x76,0x69,0x65,0x77,0x42,0x6f,
  0x78,0x3d,0x22,0x30,0x20,0x30,0x20,0x31,0x30,0x32,0x34,0x20,0x31,0x30,0x32,0x34,
  0x22,0x20,0x76,0x65,0x72,0x73,0x69,0x6f,0x6e,0x3d,0x22,0x31,0x2e,0x31,0x22,0x20,
  0x78,0x6d,0x6c,0x6e,0x73,0x3d,0x22,0x68,0x74,0x74,0x70,0x3a,0x2f,0x2f,0x77,0x77,
  0x77,0x2e,0x77,0x33,0x2e,0x6f,0x72,0x67,0x2f,0x32,0x30,0x30,0x30,0x2f,0x73,0x76,
  0x67,0x22,0x20,0x70,0x2d,0x69,0x64,0x3d,0x22,0x38,0x32,0x38,0x33,0x22,0x20,0x78,
  0x6d,0x6c,0x6e,0x73,0x3a,0x78,0x6c,0x69,0x6e,0x6b,0x3d,0x22,0x68,0x74,0x74,0x70,
  0x3a,0x2f,0x2f,0x77,0x77,0x77,0x2e,0x77,0x33,0x2e,0x6f,0x72,0x67,0x2f,0x31,0x39,
  0x39,0x39,0x2f,0x78,0x6c,0x69,0x6e,0x6b,0x22,0x20,0x77,0x69,0x64,0x74,0x68,0x3d,
  0x22,0x31,0x36,0x22,0x20,0x68,0x65,0x69,0x67,0x68,0x74,0x3d,0x22,0x31,0x36,0x22,
  0x3e,0x3c,0x70,0x61,0x74,0x68,0x20,0x64,0x3d,0x22,0x4d,0x32,0x33,0x35,0x2e,0x34,
  0x30,0x38,0x20,0x39,0x34,0x36,0x2e,0x30,0x30,0x36,0x6c,0x2d,0x31,0x37,0x30,0x2e,
  0x39,0x33,0x33,0x2d,0x35,0x32,0x36,0x2e,0x31,0x31,0x37,0x20,0x34,0x34,0x37,0x2e,
  0x35,0x30,0x33,0x2d,0x33,0x32,0x35,0x2e,0x31,0x32,0x35,0x20,0x34,0x34,0x37,0x2e,
  0x35,0x32,0x35,0x20,0x33,0x32,0x35,0x2e,0x31,0x32,0x35,0x2d,0x31,0x37,0x30,0x2e,
  0x39,0x33,0x32,0x20,0x35,0x32,0x36,0x2e,0x31,0x31,0x37,0x7a,0x22,0x20,0x70,0x2d,
  0x69,0x64,0x3d,0x22,0x38,0x32,0x38,0x34,0x22,0x20,0x66,0x69,0x6c,0x6c,0x3d,0x22,
  0x23,0x66,0x66,0x66,0x66,0x66,0x66,0x22,0x3e,0x3c,0x2f,0x70,0x61,0x74,0x68,0x3e,
  0x3c,0x2f,0x73,0x76,0x67,0x3e,
    // D:/KingSoft/developmentPath/KDevelop-Training/ClassExamProject/icons/hover/text.svg
  0x0,0x0,0x3,0x2d,
  0x3c,
  0x3f,0x78,0x6d,0x6c,0x20,0x76,0x65,0x72,0x73,0x69,0x6f,0x6e,0x3d,0x22,0x31,0x2e,
  0x30,0x22,0x20,0x73,0x74,0x61,0x6e,0x64,0x61,0x6c,0x6f,0x6e,0x65,0x3d,0x22,0x6e,
  0x6f,0x22,0x3f,0x3e,0x3c,0x21,0x44,0x4f,0x43,0x54,0x59,0x50,0x45,0x20,0x73,0x76,
  0x67,0x20,0x50,0x55,0x42,0x4c,0x49,0x43,0x20,0x22,0x2d,0x2f,0x2f,0x57,0x33,0x43,
  0x2f,0x2f,0x44,0x54,0x44,0x20,0x53,0x56,0x47,0x20,0x31,0x2e,0x31,0x2f,0x2f,0x45,
  0x4e,0x22,0x20,0x22,0x68,0x74,0x74,0x70,0x3a,0x2f,0x2f,0x77,0x77,0x77,0x2e,0x77,
  0x33,0x2e,0x6f,0x72,0x67,0x2f,0x47,0x72,0x61,0x70,0x68,0x69,0x63,0x73,0x2f,0x53,
  0x56,0x47,0x2f,0x31,0x2e,0x31,0x2f,0x44,0x54,0x44,0x2f,0x73,0x76,0x67,0x31,0x31,
  0x2e,0x64,0x74,0x64,0x22,0x3e,0x3c,0x73,0x76,0x67,0x20,0x74,0x3d,0x22,0x31,0x36,
  0x33,0x32,0x35,0x36,0x32,0x33,0x34,0x32,0x34,0x33,0x35,0x22,0x20,0x63,0x6c,0x61,
  0x73,0x73,0x3d,0x22,0x69,0x63,0x6f,0x6e,0x22,0x20,0x76,0x69,0x65,0x77,0x42,0x6f,
  0x78,0x3d,0x22,0x30,0x20,0x30,0x20,0x31,0x30,0x32,0x34,0x20,0x31,0x30,0x32,0x34,
  0x22,0x20,0x76,0x65,0x72,0x73,0x69,0x6f,0x6e,0x3d,0x22,0x31,0x2e,0x31,0x22,0x20,
  0x78,0x6d,0x6c,0x6e,0x73,0x3d,0x22,0x68,0x74,0x74,0x70,0x3a,0x2f,0x2f,0x77,0x77,
  0x77,0x2e,0x77,0x33,0x2e,0x6f,0x72,0x67,0x2f,0x32,0x30,0x30,0x30,0x2f,0x73,0x76,
  0x67,0x22,0x20,0x70,0x2d,0x69,0x64,0x3d,0x22,0x37,0x33,0x38,0x35,0x22,0x20,0x78,
  0x6d,0x6c,0x6e,0x73,0x3a,0x78,0x6c,0x69,0x6e,0x6b,0x3d,0x22,0x68,0x74,0x74,0x70,
  0x3a,0x2f,0x2f,0x77,0x77,0x77,0x2e,0x77,0x33,0x2e,0x6f,0x72,0x67,0x2f,0x31,0x39,
  0x39,0x39,0x2f,0x78,0x6c,0x69,0x6e,0x6b,0x22,0x20,0x77,0x69,0x64,0x74,0x68,0x3d,
  0x22,0x32,0x30,0x30,0x22,0x20,0x68,0x65,0x69,0x67,0x68,0x74,0x3d,0x22,0x32,0x30,
  0x30,0x22,0x3e,0x3c,0x64,0x65,0x66,0x73,0x3e,0x3c,0x73,0x74,0x79,0x6c,0x65,0x20,
  0x74,0x79,0x70,0x65,0x3d,0x22,0x74,0x65,0x78,0x74,0x2f,0x63,0x73,0x73,0x22,0x3e,
  0x3c,0x2f,0x73,0x74,0x79,0x6c,0x65,0x3e,0x3c,0x2f,0x64,0x65,0x66,0x73,0x3e,0x3c,
  0x70,0x61,0x74,0x68,0x20,0x64,0x3d,0x22,0x4d,0x31,0x30,0x30,0x2e,0x39,0x39,0x32,
  0x20,0x36,0x34,0x6c,0x38,0x32,0x32,0x2e,0x30,0x31,0x36,0x20,0x30,0x20,0x30,0x20,
  0x32,0x37,0x37,0x2e,0x34,0x34,0x2d,0x33,0x36,0x2e,0x33,0x35,0x32,0x20,0x30,0x63,
  0x30,0x20,0x30,0x2d,0x36,0x39,0x2e,0x33,0x37,0x36,0x2d,0x31,0x36,0x39,0x2e,0x34,
  0x30,0x38,0x2d,0x31,0x35,0x31,0x2e,0x32,0x33,0x32,0x2d,0x31,0x38,0x34,0x2e,0x31,
  0x39,0x32,0x2d,0x38,0x31,0x2e,0x38,0x35,0x36,0x2d,0x31,0x34,0x2e,0x37,0x38,0x34,
  0x2d,0x31,0x33,0x38,0x2e,0x37,0x35,0x32,0x2d,0x34,0x2e,0x36,0x30,0x38,0x2d,0x31,
  0x33,0x38,0x2e,0x37,0x35,0x32,0x2d,0x34,0x2e,0x36,0x30,0x38,0x4c,0x35,0x39,0x35,
  0x2e,0x36,0x34,0x38,0x20,0x38,0x35,0x39,0x2e,0x39,0x36,0x38,0x63,0x30,0x20,0x30,
  0x20,0x32,0x32,0x2e,0x37,0x32,0x20,0x34,0x37,0x2e,0x38,0x30,0x38,0x20,0x36,0x30,
  0x2e,0x32,0x32,0x34,0x20,0x35,0x31,0x2e,0x32,0x6c,0x38,0x33,0x2e,0x30,0x30,0x38,
  0x20,0x30,0x4c,0x37,0x33,0x38,0x2e,0x38,0x38,0x20,0x39,0x36,0x30,0x20,0x32,0x38,
  0x35,0x2e,0x31,0x38,0x34,0x20,0x39,0x36,0x30,0x6c,0x31,0x2e,0x31,0x35,0x32,0x2d,
  0x35,0x30,0x2e,0x30,0x34,0x38,0x4c,0x33,0x35,0x39,0x2e,0x30,0x34,0x20,0x39,0x30,
  0x38,0x2e,0x38,0x63,0x30,0x20,0x30,0x20,0x35,0x34,0x2e,0x35,0x39,0x32,0x2d,0x31,
  0x37,0x2e,0x30,0x38,0x38,0x20,0x35,0x34,0x2e,0x35,0x39,0x32,0x2d,0x35,0x36,0x2e,
  0x38,0x39,0x36,0x20,0x30,0x2d,0x33,0x39,0x2e,0x37,0x34,0x34,0x20,0x31,0x2e,0x31,
  0x35,0x32,0x2d,0x36,0x39,0x33,0x2e,0x35,0x36,0x38,0x20,0x31,0x2e,0x31,0x35,0x32,
  0x2d,0x36,0x39,0x33,0x2e,0x35,0x36,0x38,0x53,0x33,0x32,0x34,0x2e,0x39,0x39,0x32,
  0x20,0x31,0x34,0x35,0x2e,0x39,0x32,0x20,0x32,0x37,0x38,0x2e,0x33,0x33,0x36,0x20,
  0x31,0x35,0x37,0x2e,0x33,0x31,0x32,0x43,0x32,0x33,0x31,0x2e,0x37,0x34,0x34,0x20,
  0x31,0x36,0x38,0x2e,0x36,0x34,0x20,0x31,0x34,0x39,0x2e,0x38,0x32,0x34,0x20,0x32,
  0x33,0x36,0x2e,0x38,0x36,0x34,0x20,0x31,0x33,0x37,0x2e,0x33,0x34,0x34,0x20,0x33,
  0x33,0x36,0x2e,0x38,0x39,0x36,0x4c,0x31,0x30,0x30,0x2e,0x39,0x39,0x32,0x20,0x33,
  0x33,0x38,0x2e,0x30,0x34,0x38,0x20,0x31,0x30,0x30,0x2e,0x39,0x39,0x32,0x20,0x36,
  0x34,0x7a,0x22,0x20,0x70,0x2d,0x69,0x64,0x3d,0x22,0x37,0x33,0x38,0x36,0x22,0x20,
  0x66,0x69,0x6c,0x6c,0x3d,0x22,0x23,0x46,0x46,0x46,0x46,0x46,0x46,0x22,0x3e,0x3c,
  0x2f,0x70,0x61,0x74,0x68,0x3e,0x3c,0x2f,0x73,0x76,0x67,0x3e,
    // D:/KingSoft/developmentPath/KDevelop-Training/ClassExamProject/icons/hover/line.svg
  0x0,0x0,0x2,0x27,
  0x3c,
  0x3f,0x78,0x6d,0x6c,0x20,0x76,0x65,0x72,0x73,0x69,0x6f,0x6e,0x3d,0x22,0x31,0x2e,
  0x30,0x22,0x20,0x73,0x74,0x61,0x6e,0x64,0x61,0x6c,0x6f,0x6e,0x65,0x3d,0x22,0x6e,
  0x6f,0x22,0x3f,0x3e,0x3c,0x21,0x44,0x4f,0x43,0x54,0x59,0x50,0x45,0x20,0x73,0x76,
  0x67,0x20,0x50,0x55,0x42,0x4c,0x49,0x43,0x20,0x22,0x2d,0x2f,0x2f,0x57,0x33,0x43,
  0x2f,0x2f,0x44,0x54,0x44,0x20,0x53,0x56,0x47,0x20,0x31,0x2e,0x31,0x2f,0x2f,0x45,
  0x4e,0x22,0x20,0x22,0x68,0x74,0x74,0x70,0x3a,0x2f,0x2f,0x77,0x77,0x77,0x2e,0x77,
  0x33,0x2e,0x6f,0x72,0x67,0x2f,0x47,0x72,0x61,0x70,0x68,0x69,0x63,0x73,0x2f,0x53,
  0x56,0x47,0x2f,0x31,0x2e,0x31,0x2f,0x44,0x54,0x44,0x2f,0x73,0x76,0x67,0x31,0x31,
  0x2e,0x64,0x74,0x64,0x22,0x3e,0x3c,0x73,0x76,0x67,0x20,0x74,0x3d,0x22,0x31,0x36,
  0x33,0x32,0x35,0x36,0x32,0x30,0x38,0x35,0x37,0x30,0x32,0x22,0x20,0x63,0x6c,0x61,
  0x73,0x73,0x3d,0x22,0x69,0x63,0x6f,0x6e,0x22,0x20,0x76,0x69,0x65,0x77,0x42,0x6f,
  0x78,0x3d,0x22,0x30,0x20,0x30,0x20,0x31,0x30,0x32,0x34,0x20,0x31,0x30,0x32,0x34,
  0x22,0x20,0x76,0x65,0x72,0x73,0x69,0x6f,0x6e,0x3d,0x22,0x31,0x2e,0x31,0x22,0x20,
  0x78,0x6d,0x6c,0x6e,0x73,0x3d,0x22,0x68,0x74,0x74,0x70,0x3a,0x2f,0x2f,0x77,0x77,
  0x77,0x2e,0x77,0x33,0x2e,0x6f,0x72,0x67,0x2f,0x32,0x30,0x30,0x30,0x2f,0x73,0x76,
  0x67,0x22,0x20,0x70,0x2d,0x69,0x64,0x3d,0x22,0x33,0x33,0x30,0x31,0x22,0x20,0x78,
  0x6d,0x6c,0x6e,0x73,0x3a,0x78,0x6c,0x69,0x6e,0x6b,0x3d,0x22,0x68,0x74,0x74,0x70,
  0x3a,0x2f,0x2f,0x77,0x77,0x77,0x2e,0x77,0x33,0x2e,0x6f,0x72,0x67,0x2f,0x31,0x39,
  0x39,0x39,0x2f,0x78,0x6c,0x69,0x6e,0x6b,0x22,0x20,0x77,0x69,0x64,0x74,0x68,0x3d,
  0x22,0x32,0x30,0x30,0x22,0x20,0x68,0x65,0x69,0x67,0x68,0x74,0x3d,0x22,0x32,0x30,
  0x30,0x22,0x3e,0x3c,0x64,0x65,0x66,0x73,0x3e,0x3c,0x73,0x74,0x79,0x6c,0x65,0x20,
  0x74,0x79,0x70,0x65,0x3d,0x22,0x74,0x65,0x78,0x74,0x2f,0x63,0x73,0x73,0x22,0x3e,
  0x3c,0x2f,0x73,0x74,0x79,0x6c,0x65,0x3e,0x3c,0x2f,0x64,0x65,0x66,0x73,0x3e,0x3c,
  0x70,0x61,0x74,0x68,0x20,0x64,0x3d,0x22,0x4d,0x31,0x33,0x30,0x2e,0x31,0x20,0x32,
  0x32,0x33,0x2e,0x37,0x6c,0x38,0x33,0x33,0x2e,0x32,0x20,0x34,0x38,0x31,0x63,0x33,
  0x32,0x2e,0x39,0x20,0x31,0x39,0x20,0x34,0x34,0x2e,0x31,0x20,0x36,0x31,0x20,0x32,
  0x35,0x2e,0x32,0x20,0x39,0x33,0x2e,0x39,0x73,0x2d,0x36,0x31,0x20,0x34,0x34,0x2e,
  0x31,0x2d,0x39,0x33,0x2e,0x39,0x20,0x32,0x35,0x2e,0x32,0x6c,0x2d,0x38,0x33,0x33,
  0x2e,0x32,0x2d,0x34,0x38,0x31,0x63,0x2d,0x33,0x32,0x2e,0x39,0x2d,0x31,0x39,0x2d,
  0x34,0x34,0x2e,0x31,0x2d,0x36,0x31,0x2d,0x32,0x35,0x2e,0x32,0x2d,0x39,0x33,0x2e,
  0x39,0x20,0x31,0x39,0x2d,0x33,0x32,0x2e,0x39,0x20,0x36,0x31,0x2d,0x34,0x34,0x2e,
  0x31,0x20,0x39,0x33,0x2e,0x39,0x2d,0x32,0x35,0x2e,0x32,0x7a,0x22,0x20,0x70,0x2d,
  0x69,0x64,0x3d,0x22,0x33,0x33,0x30,0x32,0x22,0x20,0x66,0x69,0x6c,0x6c,0x3d,0x22,
  0x23,0x46,0x46,0x46,0x46,0x46,0x46,0x22,0x3e,0x3c,0x2f,0x70,0x61,0x74,0x68,0x3e,
  0x3c,0x2f,0x73,0x76,0x67,0x3e,
    // D:/KingSoft/developmentPath/KDevelop-Training/ClassExamProject/icons/hover/rect.svg
  0x0,0x0,0x1,0xbc,
  0x3c,
  0x3f,0x78,0x6d,0x6c,0x20,0x76,0x65,0x72,0x73,0x69,0x6f,0x6e,0x3d,0x22,0x31,0x2e,
  0x30,0x22,0x20,0x73,0x74,0x61,0x6e,0x64,0x61,0x6c,0x6f,0x6e,0x65,0x3d,0x22,0x6e,
  0x6f,0x22,0x3f,0x3e,0x3c,0x21,0x44,0x4f,0x43,0x54,0x59,0x50,0x45,0x20,0x73,0x76,
  0x67,0x20,0x50,0x55,0x42,0x4c,0x49,0x43,0x20,0x22,0x2d,0x2f,0x2f,0x57,0x33,0x43,
  0x2f,0x2f,0x44,0x54,0x44,0x20,0x53,0x56,0x47,0x20,0x31,0x2e,0x31,0x2f,0x2f,0x45,
  0x4e,0x22,0x20,0x22,0x68,0x74,0x74,0x70,0x3a,0x2f,0x2f,0x77,0x77,0x77,0x2e,0x77,
  0x33,0x2e,0x6f,0x72,0x67,0x2f,0x47,0x72,0x61,0x70,0x68,0x69,0x63,0x73,0x2f,0x53,
  0x56,0x47,0x2f,0x31,0x2e,0x31,0x2f,0x44,0x54,0x44,0x2f,0x73,0x76,0x67,0x31,0x31,
  0x2e,0x64,0x74,0x64,0x22,0x3e,0x3c,0x73,0x76,0x67,0x20,0x74,0x3d,0x22,0x31,0x36,
  0x33,0x32,0x35,0x36,0x32,0x34,0x32,0x38,0x38,0x37,0x31,0x22,0x20,0x63,0x6c,0x61,
  0x73,0x73,0x3d,0x22,0x69,0x63,0x6f,0x6e,0x22,0x20,0x76,0x69,0x65,0x77,0x42,0x6f,
  0x78,0x3d,0x22,0x30,0x20,0x30,0x20,0x31,0x30,0x32,0x34,0x20,0x31,0x30,0x32,0x34,
  0x22,0x20,0x76,0x65,0x72,0x73,0x69,0x6f,0x6e,0x3d,0x22,0x31,0x2e,0x31,0x22,0x20,
  0x78,0x6d,0x6c,0x6e,0x73,0x3d,0x22,0x68,0x74,0x74,0x70,0x3a,0x2f,0x2f,0x77,0x77,
  0x77,0x2e,0x77,0x33,0x2e,0x6f,0x72,0x67,0x2f,0x32,0x30,0x30,0x30,0x2f,0x73,0x76,
  0x67,0x22,0x20,0x70,0x2d,0x69,0x64,0x3d,0x22,0x39,0x33,0x33,0x36,0x22,0x20,0x78,
  0x6d,0x6c,0x6e,0x73,0x3a,0x78,0x6c,0x69,0x6e,0x6b,0x3d,0x22,0x68,0x74,0x74,0x70,
  0x3a,0x2f,0x2f,0x77,0x77,0x77,0x2e,0x77,0x33,0x2e,0x6f,0x72,0x67,0x2f,0x31,0x39,
  0x39,0x39,0x2f,0x78,0x6c,0x69,0x6e,0x6b,0x22,0x20,0x77,0x69,0x64,0x74,0x68,0x3d,
  0x22,0x32,0x30,0x30,0x22,0x20,0x68,0x65,0x69,0x67,0x68,0x74,0x3d,0x22,0x32,0x30,
  0x30,0x22,0x3e,0x3c,0x64,0x65,0x66,0x73,0x3e,0x3c,0x73,0x74,0x79,0x6c,0x65,0x20,
  0x74,0x79,0x70,0x65,0x3d,0x22,0x74,0x65,0x78,0x74,0x2f,0x63,0x73,0x73,0x22,0x3e,
  0x3c,0x2f,0x73,0x74,0x79,0x6c,0x65,0x3e,0x3c,0x2f,0x64,0x65,0x66,0x73,0x3e,0x3c,
  0x70,0x61,0x74,0x68,0x20,0x64,0x3d,0x22,0x4d,0x36,0x32,0x20,0x36,0x32,0x68,0x39,
  0x30,0x30,0x76,0x39,0x30,0x30,0x68,0x2d,0x39,0x30,0x30,0x76,0x2d,0x39,0x30,0x30,
  0x7a,0x22,0x20,0x70,0x2d,0x69,0x64,0x3d,0x22,0x39,0x33,0x33,0x37,0x22,0x20,0x66,
  0x69,0x6c,0x6c,0x3d,0x22,0x23,0x46,0x46,0x46,0x46,0x46,0x46,0x22,0x3e,0x3c,0x2f,
  0x70,0x61,0x74,0x68,0x3e,0x3c,0x2f,0x73,0x76,0x67,0x3e,
    // D:/KingSoft/developmentPath/KDevelop-Training/ClassExamProject/icons/hover/star.svg
  0x0,0x0,0x6,0x58,
  0x3c,
  0x3f,0x78,0x6d,0x6c,0x20,0x76,0x65,0x72,0x73,0x69,0x6f,0x6e,0x3d,0x22,0x31,0x2e,
  0x30,0x22,0x20,0x73,0x74,0x61,0x6e,0x64,0x61,0x6c,0x6f,0x6e,0x65,0x3d,0x22,0x6e,
  0x6f,0x22,0x3f,0x3e,0x3c,0x21,0x44,0x4f,0x43,0x54,0x59,0x50,0x45,0x20,0x73,0x76,
  0x67,0x20,0x50,0x55,0x42,0x4c,0x49,0x43,0x20,0x22,0x2d,0x2f,0x2f,0x57,0x33,0x43,
  0x2f,0x2f,0x44,0x54,0x44,0x20,0x53,0x56,0x47,0x20,0x31,0x2e,0x31,0x2f,0x2f,0x45,
  0x4e,0x22,0x20,0x22,0x68,0x74,0x74,0x70,0x3a,0x2f,0x2f,0x77,0x77,0x77,0x2e,0x77,
  0x33,0x2e,0x6f,0x72,0x67,0x2f,0x47,0x72,0x61,0x70,0x68,0x69,0x63,0x73,0x2f,0x53,
  0x56,0x47,0x2f,0x31,0x2e,0x31,0x2f,0x44,0x54,0x44,0x2f,0x73,0x76,0x67,0x31,0x31,
  0x2e,0x64,0x74,0x64,0x22,0x3e,0x3c,0x73,0x76,0x67,0x20,0x74,0x3d,0x22,0x31,0x37,
  0x32,0x32,0x32,0x34,0x31,0x30,0x30,0x37,0x36,0x32,0x30,0x22,0x20,0x63,0x6c,0x61,
  0x73,0x73,0x3d,0x22,0x69,0x63,0x6f,0x6e,0x22,0x20,0x76,0x69,0x65,0x77,0x42,0x6f,
  0x78,0x3d,0x22,0x30,0x20,0x30,0x20,0x31,0x30,0x32,0x34,0x20,0x31,0x30,0x32,0x34,
  0x22,0x20,0x76,0x65,0x72,0x73,0x69,0x6f,0x6e,0x3d,0x22,0x31,0x2e,0x31,0x22,0x20,
  0x78,0x6d,0x6c,0x6e,0x73,0x3d,0x22,0x68,0x74,0x74,0x70,0x3a,0x2f,0x2f,0x77,0x77,
  0x77,0x2e,0x77,0x33,0x2e,0x6f,0x72,0x67,0x2f,0x32,0x30,0x30,0x30,0x2f,0x73,0x76,
  0x67,0x22,0x20,0x70,0x2d,0x69,0x64,0x3d,0x22,0x37,0x31,0x35,0x34,0x22,0x20,0x78,
  0x6d,0x6c,0x6e,0x73,0x3a,0x78,0x6c,0x69,0x6e,0x6b,0x3d,0x22,0x68,0x74,0x74,0x70,
  0x3a,0x2f,0x2f,0x77,0x77,0x77,0x2e,0x77,0x33,0x2e,0x6f,0x72,0x67,0x2f,0x31,0x39,
  0x39,0x39,0x2f,0x78,0x6c,0x69,0x6e,0x6b,0x22,0x20,0x77,0x69,0x64,0x74,0x68,0x3d,
  0x22,0x31,0x36,0x22,0x20,0x68,0x65,0x69,0x67,0x68,0x74,0x3d,0x22,0x31,0x36,0x22,
  0x3e,0x3c,0x70,0x61,0x74,0x68,0x20,0x64,0x3d,0x22,0x4d,0x37,0x38,0x31,0x2e,0x31,
  0x38,0x36,0x30,0x38,0x38,0x20,0x36,0x31,0x36,0x2e,0x30,0x33,0x31,0x38,0x37,0x33,
  0x71,0x31,0x37,0x2e,0x33,0x33,0x38,0x36,0x34,0x35,0x20,0x38,0x30,0x2e,0x35,0x37,
  0x33,0x37,0x30,0x35,0x20,0x33,0x30,0x2e,0x35,0x39,0x37,0x36,0x31,0x20,0x31,0x34,
  0x35,0x2e,0x38,0x34,0x38,0x36,0x30,0x36,0x20,0x36,0x2e,0x31,0x31,0x39,0x35,0x32,
  0x32,0x20,0x32,0x37,0x2e,0x35,0x33,0x37,0x38,0x34,0x39,0x20,0x31,0x31,0x2e,0x32,
  0x31,0x39,0x31,0x32,0x34,0x20,0x35,0x35,0x2e,0x30,0x37,0x35,0x36,0x39,0x37,0x74,
  0x39,0x2e,0x36,0x38,0x39,0x32,0x34,0x33,0x20,0x34,0x39,0x2e,0x39,0x37,0x36,0x30,
  0x39,0x36,0x20,0x37,0x2e,0x36,0x34,0x39,0x34,0x30,0x32,0x20,0x33,0x38,0x2e,0x32,
  0x34,0x37,0x30,0x31,0x32,0x20,0x34,0x2e,0x30,0x37,0x39,0x36,0x38,0x31,0x20,0x31,
  0x39,0x2e,0x38,0x38,0x38,0x34,0x34,0x36,0x71,0x33,0x2e,0x30,0x35,0x39,0x37,0x36,
  0x31,0x20,0x32,0x30,0x2e,0x33,0x39,0x38,0x34,0x30,0x36,0x2d,0x39,0x2e,0x31,0x37,
  0x39,0x32,0x38,0x33,0x20,0x32,0x37,0x2e,0x30,0x32,0x37,0x38,0x38,0x38,0x74,0x2d,
  0x32,0x37,0x2e,0x35,0x33,0x37,0x38,0x34,0x39,0x20,0x36,0x2e,0x36,0x32,0x39,0x34,
  0x38,0x32,0x71,0x2d,0x35,0x2e,0x30,0x39,0x39,0x36,0x30,0x32,0x20,0x30,0x2d,0x31,
  0x34,0x2e,0x37,0x38,0x38,0x38,0x34,0x35,0x2d,0x33,0x2e,0x35,0x36,0x39,0x37,0x32,
  0x31,0x74,0x2d,0x31,0x34,0x2e,0x37,0x38,0x38,0x38,0x34,0x35,0x2d,0x35,0x2e,0x36,
  0x30,0x39,0x35,0x36,0x32,0x6c,0x2d,0x32,0x36,0x36,0x2e,0x31,0x39,0x39,0x32,0x30,
  0x33,0x2d,0x31,0x35,0x35,0x2e,0x30,0x32,0x37,0x38,0x38,0x38,0x71,0x2d,0x37,0x32,
  0x2e,0x34,0x31,0x34,0x33,0x34,0x33,0x20,0x34,0x32,0x2e,0x38,0x33,0x36,0x36,0x35,
  0x33,0x2d,0x31,0x33,0x31,0x2e,0x35,0x36,0x39,0x37,0x32,0x31,0x20,0x37,0x36,0x2e,
  0x34,0x39,0x34,0x30,0x32,0x34,0x2d,0x32,0x35,0x2e,0x34,0x39,0x38,0x30,0x30,0x38,
  0x20,0x31,0x34,0x2e,0x32,0x37,0x38,0x38,0x38,0x34,0x2d,0x35,0x30,0x2e,0x34,0x38,
  0x36,0x30,0x35,0x36,0x20,0x32,0x38,0x2e,0x35,0x35,0x37,0x37,0x36,0x39,0x74,0x2d,
  0x34,0x35,0x2e,0x33,0x38,0x36,0x34,0x35,0x34,0x20,0x32,0x36,0x2e,0x35,0x31,0x37,
  0x39,0x32,0x38,0x2d,0x33,0x35,0x2e,0x31,0x38,0x37,0x32,0x35,0x31,0x20,0x32,0x30,
  0x2e,0x33,0x39,0x38,0x34,0x30,0x36,0x2d,0x31,0x39,0x2e,0x38,0x38,0x38,0x34,0x34,
  0x36,0x20,0x31,0x30,0x2e,0x31,0x39,0x39,0x32,0x30,0x33,0x71,0x2d,0x31,0x30,0x2e,
  0x31,0x39,0x39,0x32,0x30,0x33,0x20,0x35,0x2e,0x30,0x39,0x39,0x36,0x30,0x32,0x2d,
  0x32,0x30,0x2e,0x39,0x30,0x38,0x33,0x36,0x37,0x20,0x33,0x2e,0x35,0x36,0x39,0x37,
  0x32,0x31,0x74,0x2d,0x31,0x39,0x2e,0x33,0x37,0x38,0x34,0x38,0x36,0x2d,0x37,0x2e,
  0x36,0x34,0x39,0x34,0x30,0x32,0x2d,0x31,0x32,0x2e,0x37,0x34,0x39,0x30,0x30,0x34,
  0x2d,0x31,0x34,0x2e,0x37,0x38,0x38,0x38,0x34,0x35,0x2d,0x32,0x2e,0x30,0x33,0x39,
  0x38,0x34,0x31,0x2d,0x31,0x37,0x2e,0x38,0x34,0x38,0x36,0x30,0x36,0x71,0x31,0x2e,
  0x30,0x31,0x39,0x39,0x32,0x2d,0x34,0x2e,0x30,0x37,0x39,0x36,0x38,0x31,0x20,0x35,
  0x2e,0x30,0x39,0x39,0x36,0x30,0x32,0x2d,0x31,0x39,0x2e,0x38,0x38,0x38,0x34,0x34,
  0x36,0x74,0x39,0x2e,0x31,0x37,0x39,0x32,0x38,0x33,0x2d,0x33,0x37,0x2e,0x37,0x33,
  0x37,0x30,0x35,0x32,0x20,0x31,0x31,0x2e,0x37,0x32,0x39,0x30,0x38,0x34,0x2d,0x34,
  0x38,0x2e,0x34,0x34,0x36,0x32,0x31,0x35,0x20,0x31,0x33,0x2e,0x37,0x36,0x38,0x39,
  0x32,0x34,0x2d,0x35,0x34,0x2e,0x30,0x35,0x35,0x37,0x37,0x37,0x71,0x31,0x35,0x2e,
  0x32,0x39,0x38,0x38,0x30,0x35,0x2d,0x36,0x33,0x2e,0x32,0x33,0x35,0x30,0x36,0x20,
  0x33,0x34,0x2e,0x36,0x37,0x37,0x32,0x39,0x31,0x2d,0x31,0x34,0x32,0x2e,0x37,0x38,
  0x38,0x38,0x34,0x35,0x2d,0x36,0x30,0x2e,0x31,0x37,0x35,0x32,0x39,0x39,0x2d,0x35,
  0x32,0x2e,0x30,0x31,0x35,0x39,0x33,0x36,0x2d,0x31,0x30,0x38,0x2e,0x31,0x31,0x31,
  0x35,0x35,0x34,0x2d,0x39,0x32,0x2e,0x38,0x31,0x32,0x37,0x34,0x39,0x2d,0x32,0x30,
  0x2e,0x33,0x39,0x38,0x34,0x30,0x36,0x2d,0x31,0x37,0x2e,0x33,0x33,0x38,0x36,0x34,
  0x35,0x2d,0x34,0x30,0x2e,0x32,0x38,0x36,0x38,0x35,0x33,0x2d,0x33,0x34,0x2e,0x31,
  0x36,0x37,0x33,0x33,0x31,0x74,0x2d,0x33,0x35,0x2e,0x36,0x39,0x37,0x32,0x31,0x31,
  0x2d,0x33,0x30,0x2e,0x35,0x39,0x37,0x36,0x31,0x2d,0x32,0x36,0x2e,0x30,0x30,0x37,
  0x39,0x36,0x38,0x2d,0x32,0x32,0x2e,0x34,0x33,0x38,0x32,0x34,0x37,0x2d,0x31,0x31,
  0x2e,0x32,0x31,0x39,0x31,0x32,0x34,0x2d,0x39,0x2e,0x36,0x38,0x39,0x32,0x34,0x33,
  0x71,0x2d,0x31,0x32,0x2e,0x32,0x33,0x39,0x30,0x34,0x34,0x2d,0x31,0x31,0x2e,0x32,
  0x31,0x39,0x31,0x32,0x34,0x2d,0x32,0x30,0x2e,0x39,0x30,0x38,0x33,0x36,0x37,0x2d,
  0x32,0x34,0x2e,0x39,0x38,0x38,0x30,0x34,0x38,0x74,0x2d,0x36,0x2e,0x36,0x32,0x39,
  0x34,0x38,0x32,0x2d,0x32,0x38,0x2e,0x30,0x34,0x37,0x38,0x30,0x39,0x20,0x31,0x31,
  0x2e,0x32,0x31,0x39,0x31,0x32,0x34,0x2d,0x32,0x32,0x2e,0x34,0x33,0x38,0x32,0x34,
  0x37,0x20,0x32,0x30,0x2e,0x33,0x39,0x38,0x34,0x30,0x36,0x2d,0x31,0x30,0x2e,0x31,
  0x39,0x39,0x32,0x30,0x33,0x6c,0x33,0x31,0x35,0x2e,0x31,0x35,0x35,0x33,0x37,0x38,
  0x2d,0x32,0x38,0x2e,0x35,0x35,0x37,0x37,0x36,0x39,0x20,0x31,0x31,0x37,0x2e,0x32,
  0x39,0x30,0x38,0x33,0x37,0x2d,0x32,0x37,0x33,0x2e,0x33,0x33,0x38,0x36,0x34,0x35,
  0x71,0x36,0x2e,0x31,0x31,0x39,0x35,0x32,0x32,0x2d,0x31,0x36,0x2e,0x33,0x31,0x38,
  0x37,0x32,0x35,0x20,0x31,0x37,0x2e,0x33,0x33,0x38,0x36,0x34,0x35,0x2d,0x32,0x38,
  0x2e,0x30,0x34,0x37,0x38,0x30,0x39,0x74,0x33,0x30,0x2e,0x35,0x39,0x37,0x36,0x31,
  0x2d,0x31,0x31,0x2e,0x37,0x32,0x39,0x30,0x38,0x34,0x71,0x31,0x30,0x2e,0x31,0x39,
  0x39,0x32,0x30,0x33,0x20,0x30,0x20,0x31,0x37,0x2e,0x38,0x34,0x38,0x36,0x30,0x36,
  0x20,0x34,0x2e,0x35,0x38,0x39,0x36,0x34,0x31,0x74,0x31,0x32,0x2e,0x37,0x34,0x39,
  0x30,0x30,0x34,0x20,0x31,0x30,0x2e,0x37,0x30,0x39,0x31,0x36,0x33,0x20,0x38,0x2e,
  0x36,0x36,0x39,0x33,0x32,0x33,0x20,0x31,0x32,0x2e,0x32,0x33,0x39,0x30,0x34,0x34,
  0x20,0x35,0x2e,0x36,0x30,0x39,0x35,0x36,0x32,0x20,0x31,0x30,0x2e,0x31,0x39,0x39,
  0x32,0x30,0x33,0x6c,0x31,0x31,0x34,0x2e,0x32,0x33,0x31,0x30,0x37,0x36,0x20,0x32,
  0x37,0x33,0x2e,0x33,0x33,0x38,0x36,0x34,0x35,0x20,0x33,0x31,0x35,0x2e,0x31,0x35,
  0x35,0x33,0x37,0x38,0x20,0x32,0x39,0x2e,0x35,0x37,0x37,0x36,0x38,0x39,0x71,0x32,
  0x30,0x2e,0x33,0x39,0x38,0x34,0x30,0x36,0x20,0x35,0x2e,0x30,0x39,0x39,0x36,0x30,
  0x32,0x20,0x32,0x38,0x2e,0x35,0x35,0x37,0x37,0x36,0x39,0x20,0x31,0x32,0x2e,0x32,
  0x33,0x39,0x30,0x34,0x34,0x74,0x38,0x2e,0x31,0x35,0x39,0x33,0x36,0x33,0x20,0x32,
  0x32,0x2e,0x34,0x33,0x38,0x32,0x34,0x37,0x71,0x30,0x20,0x31,0x34,0x2e,0x32,0x37,
  0x38,0x38,0x38,0x34,0x2d,0x38,0x2e,0x36,0x36,0x39,0x33,0x32,0x33,0x20,0x32,0x34,
  0x2e,0x39,0x38,0x38,0x30,0x34,0x38,0x74,0x2d,0x32,0x31,0x2e,0x39,0x32,0x38,0x32,
  0x38,0x37,0x20,0x32,0x36,0x2e,0x30,0x30,0x37,0x39,0x36,0x38,0x7a,0x22,0x20,0x70,
  0x2d,0x69,0x64,0x3d,0x22,0x37,0x31,0x35,0x35,0x22,0x20,0x66,0x69,0x6c,0x6c,0x3d,
  0x22,0x23,0x66,0x66,0x66,0x66,0x66,0x66,0x22,0x3e,0x3c,0x2f,0x70,0x61,0x74,0x68,
  0x3e,0x3c,0x2f,0x73,0x76,0x67,0x3e,
    // D:/KingSoft/developmentPath/KDevelop-Training/ClassExamProject/icons/hover/mouse.svg
  0x0,0x0,0x3,0x48,
  0x3c,
  0x3f,0x78,0x6d,0x6c,0x20,0x76,0x65,0x72,0x73,0x69,0x6f,0x6e,0x3d,0x22,0x31,0x2e,
  0x30,0x22,0x20,0x73,0x74,0x61,0x6e,0x64,0x61,0x6c,0x6f,0x6e,0x65,0x3d,0x22,0x6e,
  0x6f,0x22,0x3f,0x3e,0x3c,0x21,0x44,0x4f,0x43,0x54,0x59,0x50,0x45,0x20,0x73,0x76,
  0x67,0x20,0x50,0x55,0x42,0x4c,0x49,0x43,0x20,0x22,0x2d,0x2f,0x2f,0x57,0x33,0x43,
  0x2f,0x2f,0x44,0x54,0x44,0x20,0x53,0x56,0x47,0x20,0x31,0x2e,0x31,0x2f,0x2f,0x45,
  0x4e,0x22,0x20,0x22,0x68,0x74,0x74,0x70,0x3a,0x2f,0x2f,0x77,0x77,0x77,0x2e,0x77,
  0x33,0x2e,0x6f,0x72,0x67,0x2f,0x47,0x72,0x61,0x70,0x68,0x69,0x63,0x73,0x2f,0x53,
  0x56,0x47,0x2f,0x31,0x2e,0x31,0x2f,0x44,0x54,0x44,0x2f,0x73,0x76,0x67,0x31,0x31,
  0x2e,0x64,0x74,0x64,0x22,0x3e,0x3c,0x73,0x76,0x67,0x20,0x74,0x3d,0x22,0x31,0x36,
  0x33,0x32,0x35,0x36,0x32,0x31,0x36,0x39,0x38,0x37,0x37,0x22,0x20,0x63,0x6c,0x61,
  0x73,0x73,0x3d,0x22,0x69,0x63,0x6f,0x6e,0x22,0x20,0x76,0x69,0x65,0x77,0x42,0x6f,
  0x78,0x3d,0x22,0x30,0x20,0x30,0x20,0x31,0x30,0x32,0x34,0x20,0x31,0x30,0x32,0x34,
  0x22,0x20,0x76,0x65,0x72,0x73,0x69,0x6f,0x6e,0x3d,0x22,0x31,0x2e,0x31,0x22,0x20,
  0x78,0x6d,0x6c,0x6e,0x73,0x3d,0x22,0x68,0x74,0x74,0x70,0x3a,0x2f,0x2f,0x77,0x77,
  0x77,0x2e,0x77,0x33,0x2e,0x6f,0x72,0x67,0x2f,0x32,0x30,0x30,0x30,0x2f,0x73,0x76,
  0x67,0x22,0x20,0x70,0x2d,0x69,0x64,0x3d,0x22,0x35,0x30,0x38,0x39,0x22,0x20,0x78,
  0x6d,0x6c,0x6e,0x73,0x3a,0x78,0x6c,0x69,0x6e,0x6b,0x3d,0x22,0x68,0x74,0x74,0x70,
  0x3a,0x2f,0x2f,0x77,0x77,0x77,0x2e,0x77,0x33,0x2e,0x6f,0x72,0x67,0x2f,0x31,0x39,
  0x39,0x39,0x2f,0x78,0x6c,0x69,0x6e,0x6b,0x22,0x20,0x77,0x69,0x64,0x74,0x68,0x3d,
  0x22,0x32,0x30,0x30,0x22,0x20,0x68,0x65,0x69,0x67,0x68,0x74,0x3d,0x22,0x32,0x30,
  0x30,0x22,0x3e,0x3c,0x64,0x65,0x66,0x73,0x3e,0x3c,0x73,0x74,0x79,0x6c,0x65,0x20,
  0x74,0x79,0x70,0x65,0x3d,0x22,0x74,0x65,0x78,0x74,0x2f,0x63,0x73,0x73,0x22,0x3e,
  0x3c,0x2f,0x73,0x74,0x79,0x6c,0x65,0x3e,0x3c,0x2f,0x64,0x65,0x66,0x73,0x3e,0x3c,
  0x70,0x61,0x74,0x68,0x20,0x64,0x3d,0x22,0x4d,0x38,0x33,0x36,0x2e,0x35,0x34,0x20,
  0x34,0x32,0x39,0x2e,0x35,0x32,0x36,0x36,0x36,0x37,0x6c,0x2d,0x34,0x39,0x38,0x2e,
  0x38,0x33,0x33,0x33,0x33,0x33,0x2d,0x32,0x38,0x38,0x2d,0x39,0x31,0x2e,0x39,0x34,
  0x36,0x36,0x36,0x37,0x2d,0x35,0x33,0x2e,0x30,0x38,0x36,0x36,0x36,0x37,0x63,0x2d,
  0x31,0x30,0x2d,0x35,0x2e,0x37,0x38,0x2d,0x31,0x38,0x2e,0x35,0x35,0x33,0x33,0x33,
  0x33,0x2d,0x32,0x2e,0x31,0x2d,0x32,0x31,0x2e,0x37,0x36,0x2d,0x30,0x2e,0x32,0x34,
  0x36,0x36,0x36,0x37,0x41,0x32,0x31,0x2e,0x33,0x33,0x33,0x33,0x33,0x33,0x20,0x32,
  0x31,0x2e,0x33,0x33,0x33,0x33,0x33,0x33,0x20,0x30,0x20,0x30,0x20,0x30,0x20,0x32,
  0x31,0x33,0x2e,0x33,0x33,0x33,0x33,0x33,0x33,0x20,0x31,0x30,0x36,0x2e,0x36,0x36,
  0x36,0x36,0x36,0x37,0x76,0x36,0x38,0x32,0x2e,0x36,0x36,0x36,0x36,0x36,0x36,0x61,
  0x32,0x31,0x2e,0x33,0x33,0x33,0x33,0x33,0x33,0x20,0x32,0x31,0x2e,0x33,0x33,0x33,
  0x33,0x33,0x33,0x20,0x30,0x20,0x30,0x20,0x30,0x20,0x33,0x36,0x2e,0x31,0x31,0x33,
  0x33,0x33,0x34,0x20,0x31,0x35,0x2e,0x33,0x38,0x36,0x36,0x36,0x37,0x6c,0x31,0x35,
  0x34,0x2e,0x36,0x36,0x36,0x36,0x36,0x36,0x2d,0x31,0x34,0x38,0x2e,0x35,0x38,0x36,
  0x36,0x36,0x37,0x20,0x31,0x33,0x30,0x2e,0x33,0x38,0x20,0x32,0x32,0x35,0x2e,0x38,
  0x32,0x36,0x36,0x36,0x37,0x41,0x35,0x33,0x2e,0x33,0x33,0x33,0x33,0x33,0x33,0x20,
  0x35,0x33,0x2e,0x33,0x33,0x33,0x33,0x33,0x33,0x20,0x30,0x20,0x30,0x20,0x30,0x20,
  0x36,0x30,0x37,0x2e,0x33,0x33,0x33,0x33,0x33,0x33,0x20,0x39,0x30,0x31,0x2e,0x34,
  0x38,0x36,0x36,0x36,0x37,0x6c,0x31,0x32,0x39,0x2e,0x33,0x33,0x33,0x33,0x33,0x34,
  0x2d,0x37,0x34,0x2e,0x36,0x36,0x36,0x36,0x36,0x37,0x61,0x35,0x33,0x2e,0x33,0x33,
  0x33,0x33,0x33,0x33,0x20,0x35,0x33,0x2e,0x33,0x33,0x33,0x33,0x33,0x33,0x20,0x30,
  0x20,0x30,0x20,0x30,0x20,0x31,0x39,0x2e,0x35,0x32,0x36,0x36,0x36,0x36,0x2d,0x37,
  0x32,0x2e,0x38,0x36,0x4c,0x36,0x32,0x35,0x2e,0x38,0x20,0x35,0x32,0x38,0x2e,0x31,
  0x33,0x33,0x33,0x33,0x33,0x6c,0x32,0x30,0x36,0x2d,0x35,0x39,0x2e,0x36,0x34,0x61,
  0x32,0x31,0x2e,0x33,0x33,0x33,0x33,0x33,0x33,0x20,0x32,0x31,0x2e,0x33,0x33,0x33,
  0x33,0x33,0x33,0x20,0x30,0x20,0x30,0x20,0x30,0x20,0x34,0x2e,0x37,0x33,0x33,0x33,
  0x33,0x33,0x2d,0x33,0x38,0x2e,0x39,0x36,0x36,0x36,0x36,0x36,0x7a,0x22,0x20,0x66,
  0x69,0x6c,0x6c,0x3d,0x22,0x23,0x46,0x46,0x46,0x46,0x46,0x46,0x22,0x20,0x70,0x2d,
  0x69,0x64,0x3d,0x22,0x35,0x30,0x39,0x30,0x22,0x3e,0x3c,0x2f,0x70,0x61,0x74,0x68,
  0x3e,0x3c,0x2f,0x73,0x76,0x67,0x3e,
    // D:/KingSoft/developmentPath/KDevelop-Training/ClassExamProject/icons/hover/pen.svg
  0x0,0x0,0x6,0x8,
  0x3c,
  0x3f,0x78,0x6d,0x6c,0x20,0x76,0x65,0x72,0x73,0x69,0x6f,0x6e,0x3d,0x22,0x31,0x2e,
  0x30,0x22,0x20,0x73,0x74,0x61,0x6e,0x64,0x61,0x6c,0x6f,0x6e,0x65,0x3d,0x22,0x6e,
  0x6f,0x22,0x3f,0x3e,0x3c,0x21,0x44,0x4f,0x43,0x54,0x59,0x50,0x45,0x20,0x73,0x76,
  0x67,0x20,0x50,0x55,0x42,0x4c,0x49,0x43,0x20,0x22,0x2d,0x2f,0x2f,0x57,0x33,0x43,
  0x2f,0x2f,0x44,0x54,0x44,0x20,0x53,0x56,0x47,0x20,0x31,0x2e,0x31,0x2f,0x2f,0x45,
  0x4e,0x22,0x20,0x22,0x68,0x74,0x74,0x70,0x3a,0x2f,0x2f,0x77,0x77,0x77,0x2e,0x77,
  0x33,0x2e,0x6f,0x72,0x67,0x2f,0x47,0x72,0x61,0x70,0x68,0x69,0x63,0x73,0x2f,0x53,
  0x56,0x47,0x2f,0x31,0x2e,0x31,0x2f,0x44,0x54,0x44,0x2f,0x73,0x76,0x67,0x31,0x31,
  0x2e,0x64,0x74,0x64,0x22,0x3e,0x3c,0x73,0x76,0x67,0x20,0x74,0x3d,0x22,0x31,0x36,
  0x33,0x32,0x35,0x36,0x32,0x32,0x37,0x31,0x39,0x33,0x36,0x22,0x20,0x63,0x6c,0x61,
  0x73,0x73,0x3d,0x22,0x69,0x63,0x6f,0x6e,0x22,0x20,0x76,0x69,0x65,0x77,0x42,0x6f,
  0x78,0x3d,0x22,0x30,0x20,0x30,0x20,0x31,0x30,0x32,0x38,0x20,0x31,0x30,0x32,0x34,
  0x22,0x20,0x76,0x65,0x72,0x73,0x69,0x6f,0x6e,0x3d,0x22,0x31,0x2e,0x31,0x22,0x20,
  0x78,0x6d,0x6c,0x6e,0x73,0x3d,0x22,0x68,0x74,0x74,0x70,0x3a,0x2f,0x2f,0x77,0x77,
  0x77,0x2e,0x77,0x33,0x2e,0x6f,0x72,0x67,0x2f,0x32,0x30,0x30,0x30,0x2f,0x73,0x76,
  0x67,0x22,0x20,0x70,0x2d,0x69,0x64,0x3d,0x22,0x36,0x32,0x39,0x36,0x22,0x20,0x78,
  0x6d,0x6c,0x6e,0x73,0x3a,0x78,0x6c,0x69,0x6e,0x6b,0x3d,0x22,0x68,0x74,0x74,0x70,
  0x3a,0x2f,0x2f,0x77,0x77,0x77,0x2e,0x77,0x33,0x2e,0x6f,0x72,0x67,0x2f,0x31,0x39,
  0x39,0x39,0x2f,0x78,0x6c,0x69,0x6e,0x6b,0x22,0x20,0x77,0x69,0x64,0x74,0x68,0x3d,
  0x22,0x32,0x30,0x30,0x2e,0x37,0x38,0x31,0x32,0x35,0x22,0x20,0x68,0x65,0x69,0x67,
  0x68,0x74,0x3d,0x22,0x32,0x30,0x30,0x22,0x3e,0x3c,0x64,0x65,0x66,0x73,0x3e,0x3c,
  0x73,0x74,0x79,0x6c,0x65,0x20,0x74,0x79,0x70,0x65,0x3d,0x22,0x74,0x65,0x78,0x74,
  0x2f,0x63,0x73,0x73,0x22,0x3e,0x3c,0x2f,0x73,0x74,0x79,0x6c,0x65,0x3e,0x3c,0x2f,
  0x64,0x65,0x66,0x73,0x3e,0x3c,0x70,0x61,0x74,0x68,0x20,0x64,0x3d,0x22,0x4d,0x31,
  0x30,0x31,0x38,0x2e,0x33,0x31,0x39,0x39,0x32,0x34,0x20,0x31,0x31,0x32,0x2e,0x31,
  0x31,0x37,0x35,0x33,0x35,0x71,0x34,0x2e,0x30,0x39,0x33,0x37,0x34,0x38,0x20,0x39,
  0x2e,0x32,0x31,0x30,0x39,0x33,0x34,0x20,0x36,0x2e,0x36,0x35,0x32,0x33,0x34,0x31,
  0x20,0x32,0x31,0x2e,0x34,0x39,0x32,0x31,0x37,0x39,0x74,0x32,0x2e,0x35,0x35,0x38,
  0x35,0x39,0x33,0x20,0x32,0x35,0x2e,0x35,0x38,0x35,0x39,0x32,0x38,0x2d,0x35,0x2e,
  0x31,0x31,0x37,0x31,0x38,0x36,0x20,0x32,0x36,0x2e,0x36,0x30,0x39,0x33,0x36,0x35,
  0x2d,0x31,0x36,0x2e,0x33,0x37,0x34,0x39,0x39,0x34,0x20,0x32,0x35,0x2e,0x35,0x38,
  0x35,0x39,0x32,0x38,0x71,0x2d,0x31,0x32,0x2e,0x32,0x38,0x31,0x32,0x34,0x35,0x20,
  0x31,0x32,0x2e,0x32,0x38,0x31,0x32,0x34,0x35,0x2d,0x32,0x32,0x2e,0x30,0x30,0x33,
  0x38,0x39,0x38,0x20,0x32,0x31,0x2e,0x34,0x39,0x32,0x31,0x37,0x39,0x74,0x2d,0x31,
  0x36,0x2e,0x38,0x38,0x36,0x37,0x31,0x32,0x20,0x31,0x36,0x2e,0x33,0x37,0x34,0x39,
  0x39,0x34,0x71,0x2d,0x38,0x2e,0x31,0x38,0x37,0x34,0x39,0x37,0x20,0x38,0x2e,0x31,
  0x38,0x37,0x34,0x39,0x37,0x2d,0x31,0x35,0x2e,0x33,0x35,0x31,0x35,0x35,0x37,0x20,
  0x31,0x34,0x2e,0x33,0x32,0x38,0x31,0x32,0x6c,0x2d,0x31,0x39,0x31,0x2e,0x33,0x38,
  0x32,0x37,0x33,0x39,0x2d,0x31,0x39,0x31,0x2e,0x33,0x38,0x32,0x37,0x33,0x39,0x71,
  0x31,0x32,0x2e,0x32,0x38,0x31,0x32,0x34,0x35,0x2d,0x31,0x31,0x2e,0x32,0x35,0x37,
  0x38,0x30,0x38,0x20,0x32,0x39,0x2e,0x31,0x36,0x37,0x39,0x35,0x38,0x2d,0x32,0x37,
  0x2e,0x31,0x32,0x31,0x30,0x38,0x33,0x74,0x32,0x38,0x2e,0x31,0x34,0x34,0x35,0x32,
  0x31,0x2d,0x32,0x35,0x2e,0x30,0x37,0x34,0x32,0x30,0x39,0x71,0x31,0x34,0x2e,0x33,
  0x32,0x38,0x31,0x32,0x2d,0x31,0x31,0x2e,0x32,0x35,0x37,0x38,0x30,0x38,0x20,0x32,
  0x39,0x2e,0x36,0x37,0x39,0x36,0x37,0x36,0x2d,0x31,0x35,0x2e,0x38,0x36,0x33,0x32,
  0x37,0x35,0x74,0x33,0x30,0x2e,0x31,0x39,0x31,0x33,0x39,0x35,0x2d,0x34,0x2e,0x30,
  0x39,0x33,0x37,0x34,0x38,0x20,0x32,0x38,0x2e,0x36,0x35,0x36,0x32,0x33,0x39,0x20,
  0x34,0x2e,0x36,0x30,0x35,0x34,0x36,0x37,0x20,0x32,0x34,0x2e,0x30,0x35,0x30,0x37,
  0x37,0x32,0x20,0x39,0x2e,0x32,0x31,0x30,0x39,0x33,0x34,0x71,0x32,0x31,0x2e,0x34,
  0x39,0x32,0x31,0x37,0x39,0x20,0x31,0x31,0x2e,0x32,0x35,0x37,0x38,0x30,0x38,0x20,
  0x34,0x37,0x2e,0x35,0x38,0x39,0x38,0x32,0x36,0x20,0x33,0x39,0x2e,0x34,0x30,0x32,
  0x33,0x32,0x39,0x74,0x34,0x30,0x2e,0x34,0x32,0x35,0x37,0x36,0x36,0x20,0x35,0x38,
  0x2e,0x38,0x34,0x37,0x36,0x33,0x34,0x7a,0x4d,0x32,0x32,0x31,0x2e,0x30,0x36,0x32,
  0x34,0x31,0x36,0x20,0x36,0x31,0x31,0x2e,0x35,0x35,0x34,0x38,0x34,0x35,0x71,0x36,
  0x2e,0x31,0x34,0x30,0x36,0x32,0x33,0x2d,0x36,0x2e,0x31,0x34,0x30,0x36,0x32,0x33,
  0x20,0x32,0x38,0x2e,0x36,0x35,0x36,0x32,0x33,0x39,0x2d,0x32,0x39,0x2e,0x31,0x36,
  0x37,0x39,0x35,0x38,0x74,0x35,0x36,0x2e,0x32,0x38,0x39,0x30,0x34,0x31,0x2d,0x35,
  0x36,0x2e,0x38,0x30,0x30,0x37,0x36,0x6c,0x37,0x34,0x2e,0x37,0x31,0x30,0x39,0x30,
  0x39,0x2d,0x37,0x34,0x2e,0x37,0x31,0x30,0x39,0x30,0x39,0x20,0x38,0x32,0x2e,0x38,
  0x39,0x38,0x34,0x30,0x36,0x2d,0x38,0x32,0x2e,0x38,0x39,0x38,0x34,0x30,0x36,0x20,
  0x32,0x32,0x30,0x2e,0x30,0x33,0x38,0x39,0x37,0x39,0x2d,0x32,0x32,0x30,0x2e,0x30,
  0x33,0x38,0x39,0x37,0x39,0x20,0x31,0x39,0x31,0x2e,0x33,0x38,0x32,0x37,0x33,0x39,
  0x20,0x31,0x39,0x32,0x2e,0x34,0x30,0x36,0x31,0x37,0x37,0x2d,0x32,0x32,0x30,0x2e,
  0x30,0x33,0x38,0x39,0x37,0x39,0x20,0x32,0x32,0x30,0x2e,0x30,0x33,0x38,0x39,0x37,
  0x39,0x2d,0x38,0x31,0x2e,0x38,0x37,0x34,0x39,0x36,0x39,0x20,0x38,0x32,0x2e,0x38,
  0x39,0x38,0x34,0x30,0x36,0x71,0x2d,0x34,0x30,0x2e,0x39,0x33,0x37,0x34,0x38,0x34,
  0x20,0x33,0x39,0x2e,0x39,0x31,0x34,0x30,0x34,0x37,0x2d,0x37,0x33,0x2e,0x36,0x38,
  0x37,0x34,0x37,0x32,0x20,0x37,0x33,0x2e,0x31,0x37,0x35,0x37,0x35,0x33,0x74,0x2d,
  0x35,0x34,0x2e,0x32,0x34,0x32,0x31,0x36,0x37,0x20,0x35,0x34,0x2e,0x37,0x35,0x33,
  0x38,0x38,0x35,0x2d,0x32,0x35,0x2e,0x35,0x38,0x35,0x39,0x32,0x38,0x20,0x32,0x34,
  0x2e,0x35,0x36,0x32,0x34,0x39,0x31,0x71,0x2d,0x31,0x30,0x2e,0x32,0x33,0x34,0x33,
  0x37,0x31,0x20,0x39,0x2e,0x32,0x31,0x30,0x39,0x33,0x34,0x2d,0x32,0x33,0x2e,0x35,
  0x33,0x39,0x30,0x35,0x34,0x20,0x31,0x39,0x2e,0x34,0x34,0x35,0x33,0x30,0x35,0x74,
  0x2d,0x32,0x37,0x2e,0x36,0x33,0x32,0x38,0x30,0x32,0x20,0x31,0x36,0x2e,0x33,0x37,
  0x34,0x39,0x39,0x34,0x71,0x2d,0x31,0x34,0x2e,0x33,0x32,0x38,0x31,0x32,0x20,0x37,
  0x2e,0x31,0x36,0x34,0x30,0x36,0x2d,0x34,0x31,0x2e,0x39,0x36,0x30,0x39,0x32,0x31,
  0x20,0x31,0x37,0x2e,0x33,0x39,0x38,0x34,0x33,0x31,0x74,0x2d,0x35,0x37,0x2e,0x38,
  0x32,0x34,0x31,0x39,0x37,0x20,0x31,0x39,0x2e,0x39,0x35,0x37,0x30,0x32,0x34,0x2d,
  0x35,0x37,0x2e,0x33,0x31,0x32,0x34,0x37,0x38,0x20,0x31,0x36,0x2e,0x38,0x38,0x36,
  0x37,0x31,0x32,0x2d,0x34,0x30,0x2e,0x34,0x32,0x35,0x37,0x36,0x36,0x20,0x39,0x2e,
  0x32,0x31,0x30,0x39,0x33,0x34,0x71,0x2d,0x32,0x37,0x2e,0x36,0x33,0x32,0x38,0x30,
  0x32,0x20,0x33,0x2e,0x30,0x37,0x30,0x33,0x31,0x31,0x2d,0x33,0x36,0x2e,0x38,0x34,
  0x33,0x37,0x33,0x36,0x2d,0x38,0x2e,0x31,0x38,0x37,0x34,0x39,0x37,0x74,0x2d,0x35,
  0x2e,0x31,0x31,0x37,0x31,0x38,0x36,0x2d,0x33,0x37,0x2e,0x38,0x36,0x37,0x31,0x37,
  0x33,0x71,0x32,0x2e,0x30,0x34,0x36,0x38,0x37,0x34,0x2d,0x31,0x34,0x2e,0x33,0x32,
  0x38,0x31,0x32,0x20,0x39,0x2e,0x37,0x32,0x32,0x36,0x35,0x33,0x2d,0x34,0x31,0x2e,
  0x34,0x34,0x39,0x32,0x30,0x33,0x74,0x31,0x36,0x2e,0x33,0x37,0x34,0x39,0x39,0x34,
  0x2d,0x35,0x36,0x2e,0x32,0x38,0x39,0x30,0x34,0x31,0x20,0x31,0x36,0x2e,0x38,0x38,
  0x36,0x37,0x31,0x32,0x2d,0x35,0x33,0x2e,0x37,0x33,0x30,0x34,0x34,0x38,0x20,0x31,
  0x33,0x2e,0x33,0x30,0x34,0x36,0x38,0x32,0x2d,0x33,0x33,0x2e,0x37,0x37,0x33,0x34,
  0x32,0x35,0x71,0x36,0x2e,0x31,0x34,0x30,0x36,0x32,0x33,0x2d,0x31,0x34,0x2e,0x33,
  0x32,0x38,0x31,0x32,0x20,0x31,0x33,0x2e,0x38,0x31,0x36,0x34,0x30,0x31,0x2d,0x32,
  0x36,0x2e,0x30,0x39,0x37,0x36,0x34,0x36,0x74,0x32,0x32,0x2e,0x30,0x30,0x33,0x38,
  0x39,0x38,0x2d,0x32,0x36,0x2e,0x30,0x39,0x37,0x36,0x34,0x36,0x7a,0x22,0x20,0x70,
  0x2d,0x69,0x64,0x3d,0x22,0x36,0x32,0x39,0x37,0x22,0x20,0x66,0x69,0x6c,0x6c,0x3d,
  0x22,0x23,0x66,0x66,0x66,0x66,0x66,0x66,0x22,0x3e,0x3c,0x2f,0x70,0x61,0x74,0x68,
  0x3e,0x3c,0x2f,0x73,0x76,0x67,0x3e,
    // D:/KingSoft/developmentPath/KDevelop-Training/ClassExamProject/icons/normal/six.svg
  0x0,0x0,0x1,0xab,
  0x3c,
  0x3f,0x78,0x6d,0x6c,0x20,0x76,0x65,0x72,0x73,0x69,0x6f,0x6e,0x3d,0x22,0x31,0x2e,
  0x30,0x22,0x20,0x73,0x74,0x61,0x6e,0x64,0x61,0x6c,0x6f,0x6e,0x65,0x3d,0x22,0x6e,
  0x6f,0x22,0x3f,0x3e,0x3c,0x21,0x44,0x4f,0x43,0x54,0x59,0x50,0x45,0x20,0x73,0x76,
  0x67,0x20,0x50,0x55,0x42,0x4c,0x49,0x43,0x20,0x22,0x2d,0x2f,0x2f,0x57,0x33,0x43,
  0x2f,0x2f,0x44,0x54,0x44,0x20,0x53,0x56,0x47,0x20,0x31,0x2e,0x31,0x2f,0x2f,0x45,
  0x4e,0x22,0x20,0x22,0x68,0x74,0x74,0x70,0x3a,0x2f,0x2f,0x77,0x77,0x77,0x2e,0x77,
  0x33,0x2e,0x6f,0x72,0x67,0x2f,0x47,0x72,0x61,0x70,0x68,0x69,0x63,0x73,0x2f,0x53,
  0x56,0x47,0x2f,0x31,0x2e,0x31,0x2f,0x44,0x54,0x44,0x2f,0x73,0x76,0x67,0x31,0x31,
  0x2e,0x64,0x74,0x64,0x22,0x3e,0x3c,0x73,0x76,0x67,0x20,0x74,0x3d,0x22,0x31,0x37,
  0x32,0x32,0x32,0x34,0x31,0x31,0x38,0x31,0x33,0x31,0x33,0x22,0x20,0x63,0x6c,0x61,
  0x73,0x73,0x3d,0x22,0x69,0x63,0x6f,0x6e,0x22,0x20,0x76,0x69,0x65,0x77,0x42,0x6f,
  0x78,0x3d,0x22,0x30,0x20,0x30,0x20,0x31,0x30,0x32,0x34,0x20,0x31,0x30,0x32,0x34,
  0x22,0x20,0x76,0x65,0x72,0x73,0x69,0x6f,0x6e,0x3d,0x22,0x31,0x2e,0x31,0x22,0x20,
  0x78,0x6d,0x6c,0x6e,0x73,0x3d,0x22,0x68,0x74,0x74,0x70,0x3a,0x2f,0x2f,0x77,0x77,
  0x77,0x2e,0x77,0x33,0x2e,0x6f,0x72,0x67,0x2f,0x32,0x30,0x30,0x30,0x2f,0x73,0x76,
  0x67,0x22,0x20,0x70,0x2d,0x69,0x64,0x3d,0x22,0x39,0x37,0x39,0x31,0x22,0x20,0x78,
  0x6d,0x6c,0x6e,0x73,0x3a,0x78,0x6c,0x69,0x6e,0x6b,0x3d,0x22,0x68,0x74,0x74,0x70,
  0x3a,0x2f,0x2f,0x77,0x77,0x77,0x2e,0x77,0x33,0x2e,0x6f,0x72,0x67,0x2f,0x31,0x39,
  0x39,0x39,0x2f,0x78,0x6c,0x69,0x6e,0x6b,0x22,0x20,0x77,0x69,0x64,0x74,0x68,0x3d,
  0x22,0x31,0x36,0x22,0x20,0x68,0x65,0x69,0x67,0x68,0x74,0x3d,0x22,0x31,0x36,0x22,
  0x3e,0x3c,0x70,0x61,0x74,0x68,0x20,0x64,0x3d,0x22,0x4d,0x33,0x31,0x32,0x20,0x38,
  0x35,0x38,0x2e,0x34,0x31,0x4c,0x31,0x31,0x32,0x20,0x35,0x31,0x32,0x6c,0x32,0x30,
  0x30,0x2d,0x33,0x34,0x36,0x2e,0x34,0x31,0x68,0x34,0x30,0x30,0x4c,0x39,0x31,0x32,
  0x20,0x35,0x31,0x32,0x20,0x37,0x31,0x32,0x20,0x38,0x35,0x38,0x2e,0x34,0x31,0x7a,
  0x22,0x20,0x70,0x2d,0x69,0x64,0x3d,0x22,0x39,0x37,0x39,0x32,0x22,0x20,0x66,0x69,
  0x6c,0x6c,0x3d,0x22,0x23,0x38,0x61,0x38,0x61,0x38,0x61,0x22,0x3e,0x3c,0x2f,0x70,
  0x61,0x74,0x68,0x3e,0x3c,0x2f,0x73,0x76,0x67,0x3e,
    // D:/KingSoft/developmentPath/KDevelop-Training/ClassExamProject/icons/normal/circle.svg
  0x0,0x0,0x2,0x19,
  0x3c,
  0x3f,0x78,0x6d,0x6c,0x20,0x76,0x65,0x72,0x73,0x69,0x6f,0x6e,0x3d,0x22,0x31,0x2e,
  0x30,0x22,0x20,0x73,0x74,0x61,0x6e,0x64,0x61,0x6c,0x6f,0x6e,0x65,0x3d,0x22,0x6e,
  0x6f,0x22,0x3f,0x3e,0x3c,0x21,0x44,0x4f,0x43,0x54,0x59,0x50,0x45,0x20,0x73,0x76,
  0x67,0x20,0x50,0x55,0x42,0x4c,0x49,0x43,0x20,0x22,0x2d,0x2f,0x2f,0x57,0x33,0x43,
  0x2f,0x2f,0x44,0x54,0x44,0x20,0x53,0x56,0x47,0x20,0x31,0x2e,0x31,0x2f,0x2f,0x45,
  0x4e,0x22,0x20,0x22,0x68,0x74,0x74,0x70,0x3a,0x2f,0x2f,0x77,0x77,0x77,0x2e,0x77,
  0x33,0x2e,0x6f,0x72,0x67,0x2f,0x47,0x72,0x61,0x70,0x68,0x69,0x63,0x73,0x2f,0x53,
  0x56,0x47,0x2f,0x31,0x2e,0x31,0x2f,0x44,0x54,0x44,0x2f,0x73,0x76,0x67,0x31,0x31,
  0x2e,0x64,0x74,0x64,0x22,0x3e,0x3c,0x73,0x76,0x67,0x20,0x74,0x3d,0x22,0x31,0x36,
  0x33,0x32,0x35,0x36,0x31,0x39,0x36,0x38,0x39,0x37,0x30,0x22,0x20,0x63,0x6c,0x61,
  0x73,0x73,0x3d,0x22,0x69,0x63,0x6f,0x6e,0x22,0x20,0x76,0x69,0x65,0x77,0x42,0x6f,
  0x78,0x3d,0x22,0x30,0x20,0x30,0x20,0x31,0x30,0x32,0x34,0x20,0x31,0x30,0x32,0x34,
  0x22,0x20,0x76,0x65,0x72,0x73,0x69,0x6f,0x6e,0x3d,0x22,0x31,0x2e,0x31,0x22,0x20,
  0x78,0x6d,0x6c,0x6e,0x73,0x3d,0x22,0x68,0x74,0x74,0x70,0x3a,0x2f,0x2f,0x77,0x77,
  0x77,0x2e,0x77,0x33,0x2e,0x6f,0x72,0x67,0x2f,0x32,0x30,0x30,0x30,0x2f,0x73,0x76,
  0x67,0x22,0x20,0x70,0x2d,0x69,0x64,0x3d,0x22,0x32,0x35,0x39,0x31,0x22,0x20,0x78,
  0x6d,0x6c,0x6e,0x73,0x3a,0x78,0x6c,0x69,0x6e,0x6b,0x3d,0x22,0x68,0x74,0x74,0x70,
  0x3a,0x2f,0x2f,0x77,0x77,0x77,0x2e,0x77,0x33,0x2e,0x6f,0x72,0x67,0x2f,0x31,0x39,
  0x39,0x39,0x2f,0x78,0x6c,0x69,0x6e,0x6b,0x22,0x20,0x77,0x69,0x64,0x74,0x68,0x3d,
  0x22,0x32,0x30,0x30,0x22,0x20,0x68,0x65,0x69,0x67,0x68,0x74,0x3d,0x22,0x32,0x30,
  0x30,0x22,0x3e,0x3c,0x64,0x65,0x66,0x73,0x3e,0x3c,0x73,0x74,0x79,0x6c,0x65,0x20,
  0x74,0x79,0x70,0x65,0x3d,0x22,0x74,0x65,0x78,0x74,0x2f,0x63,0x73,0x73,0x22,0x3e,
  0x3c,0x2f,0x73,0x74,0x79,0x6c,0x65,0x3e,0x3c,0x2f,0x64,0x65,0x66,0x73,0x3e,0x3c,
  0x70,0x61,0x74,0x68,0x20,0x64,0x3d,0x22,0x4d,0x36,0x32,0x20,0x35,0x31,0x32,0x63,
  0x30,0x20,0x32,0x34,0x38,0x2e,0x35,0x32,0x38,0x20,0x32,0x30,0x31,0x2e,0x34,0x37,
  0x32,0x20,0x34,0x35,0x30,0x20,0x34,0x35,0x30,0x20,0x34,0x35,0x30,0x73,0x34,0x35,
  0x30,0x2d,0x32,0x30,0x31,0x2e,0x34,0x37,0x32,0x20,0x34,0x35,0x30,0x2d,0x34,0x35,
  0x30,0x63,0x30,0x2d,0x32,0x34,0x38,0x2e,0x35,0x32,0x38,0x2d,0x32,0x30,0x31,0x2e,
  0x34,0x37,0x32,0x2d,0x34,0x35,0x30,0x2d,0x34,0x35,0x30,0x2d,0x34,0x35,0x30,0x2d,
  0x32,0x34,0x38,0x2e,0x35,0x32,0x38,0x20,0x30,0x2d,0x34,0x35,0x30,0x20,0x32,0x30,
  0x31,0x2e,0x34,0x37,0x32,0x2d,0x34,0x35,0x30,0x20,0x34,0x35,0x30,0x7a,0x22,0x20,
  0x70,0x2d,0x69,0x64,0x3d,0x22,0x32,0x35,0x39,0x32,0x22,0x20,0x66,0x69,0x6c,0x6c,
  0x3d,0x22,0x23,0x43,0x43,0x43,0x43,0x43,0x43,0x22,0x3e,0x3c,0x2f,0x70,0x61,0x74,
  0x68,0x3e,0x3c,0x2f,0x73,0x76,0x67,0x3e,
    // D:/KingSoft/developmentPath/KDevelop-Training/ClassExamProject/icons/normal/five.svg
  0x0,0x0,0x1,0xc7,
  0x3c,
  0x3f,0x78,0x6d,0x6c,0x20,0x76,0x65,0x72,0x73,0x69,0x6f,0x6e,0x3d,0x22,0x31,0x2e,
  0x30,0x22,0x20,0x73,0x74,0x61,0x6e,0x64,0x61,0x6c,0x6f,0x6e,0x65,0x3d,0x22,0x6e,
  0x6f,0x22,0x3f,0x3e,0x3c,0x21,0x44,0x4f,0x43,0x54,0x59,0x50,0x45,0x20,0x73,0x76,
  0x67,0x20,0x50,0x55,0x42,0x4c,0x49,0x43,0x20,0x22,0x2d,0x2f,0x2f,0x57,0x33,0x43,
  0x2f,0x2f,0x44,0x54,0x44,0x20,0x53,0x56,0x47,0x20,0x31,0x2e,0x31,0x2f,0x2f,0x45,
  0x4e,0x22,0x20,0x22,0x68,0x74,0x74,0x70,0x3a,0x2f,0x2f,0x77,0x77,0x77,0x2e,0x77,
  0x33,0x2e,0x6f,0x72,0x67,0x2f,0x47,0x72,0x61,0x70,0x68,0x69,0x63,0x73,0x2f,0x53,
  0x56,0x47,0x2f,0x31,0x2e,0x31,0x2f,0x44,0x54,0x44,0x2f,0x73,0x76,0x67,0x31,0x31,
  0x2e,0x64,0x74,0x64,0x22,0x3e,0x3c,0x73,0x76,0x67,0x20,0x74,0x3d,0x22,0x31,0x37,
  0x32,0x32,0x32,0x34,0x31,0x30,0x38,0x34,0x34,0x32,0x35,0x22,0x20,0x63,0x6c,0x61,
  0x73,0x73,0x3d,0x22,0x69,0x63,0x6f,0x6e,0x22,0x20,0x76,0x69,0x65,0x77,0x42,0x6f,
  0x78,0x3d,0x22,0x30,0x20,0x30,0x20,0x31,0x30,0x32,0x34,0x20,0x31,0x30,0x32,0x34,
  0x22,0x20,0x76,0x65,0x72,0x73,0x69,0x6f,0x6e,0x3d,0x22,0x31,0x2e,0x31,0x22,0x20,
  0x78,0x6d,0x6c,0x6e,0x73,0x3d,0x22,0x68,0x74,0x74,0x70,0x3a,0x2f,0x2f,0x77,0x77,
  0x77,0x2e,0x77,0x33,0x2e,0x6f,0x72,0x67,0x2f,0x32,0x30,0x30,0x30,0x2f,0x73,0x76,
  0x67,0x22,0x20,0x70,0x2d,0x69,0x64,0x3d,0x22,0x38,0x32,0x38,0x33,0x22,0x20,0x78,
  0x6d,0x6c,0x6e,0x73,0x3a,0x78,0x6c,0x69,0x6e,0x6b,0x3d,0x22,0x68,0x74,0x74,0x70,
  0x3a,0x2f,0x2f,0x77,0x77,0x77,0x2e,0x77,0x33,0x2e,0x6f,0x72,0x67,0x2f,0x31,0x39,
  0x39,0x39,0x2f,0x78,0x6c,0x69,0x6e,0x6b,0x22,0x20,0x77,0x69,0x64,0x74,0x68,0x3d,
  0x22,0x31,0x36,0x22,0x20,0x68,0x65,0x69,0x67,0x68,0x74,0x3d,0x22,0x31,0x36,0x22,
  0x3e,0x3c,0x70,0x61,0x74,0x68,0x20,0x64,0x3d,0x22,0x4d,0x32,0x33,0x35,0x2e,0x34,
  0x30,0x38,0x20,0x39,0x34,0x36,0x2e,0x30,0x30,0x36,0x6c,0x2d,0x31,0x37,0x30,0x2e,
  0x39,0x33,0x33,0x2d,0x35,0x32,0x36,0x2e,0x31,0x31,0x37,0x20,0x34,0x34,0x37,0x2e,
  0x35,0x30,0x33,0x2d,0x33,0x32,0x35,0x2e,0x31,0x32,0x35,0x20,0x34,0x34,0x37,0x2e,
  0x35,0x32,0x35,0x20,0x33,0x32,0x35,0x2e,0x31,0x32,0x35,0x2d,0x31,0x37,0x30,0x2e,
  0x39,0x33,0x32,0x20,0x35,0x32,0x36,0x2e,0x31,0x31,0x37,0x7a,0x22,0x20,0x70,0x2d,
  0x69,0x64,0x3d,0x22,0x38,0x32,0x38,0x34,0x22,0x20,0x66,0x69,0x6c,0x6c,0x3d,0x22,
  0x23,0x38,0x61,0x38,0x61,0x38,0x61,0x22,0x3e,0x3c,0x2f,0x70,0x61,0x74,0x68,0x3e,
  0x3c,0x2f,0x73,0x76,0x67,0x3e,
    // D:/KingSoft/developmentPath/KDevelop-Training/ClassExamProject/icons/normal/text.svg
  0x0,0x0,0x3,0x2d,
  0x3c,
  0x3f,0x78,0x6d,0x6c,0x20,0x76,0x65,0x72,0x73,0x69,0x6f,0x6e,0x3d,0x22,0x31,0x2e,
  0x30,0x22,0x20,0x73,0x74,0x61,0x6e,0x64,0x61,0x6c,0x6f,0x6e,0x65,0x3d,0x22,0x6e,
  0x6f,0x22,0x3f,0x3e,0x3c,0x21,0x44,0x4f,0x43,0x54,0x59,0x50,0x45,0x20,0x73,0x76,
  0x67,0x20,0x50,0x55,0x42,0x4c,0x49,0x43,0x20,0x22,0x2d,0x2f,0x2f,0x57,0x33,0x43,
  0x2f,0x2f,0x44,0x54,0x44,0x20,0x53,0x56,0x47,0x20,0x31,0x2e,0x31,0x2f,0x2f,0x45,
  0x4e,0x22,0x20,0x22,0x68,0x74,0x74,0x70,0x3a,0x2f,0x2f,0x77,0x77,0x77,0x2e,0x77,
  0x33,0x2e,0x6f,0x72,0x67,0x2f,0x47,0x72,0x61,0x70,0x68,0x69,0x63,0x73,0x2f,0x53,
  0x56,0x47,0x2f,0x31,0x2e,0x31,0x2f,0x44,0x54,0x44,0x2f,0x73,0x76,0x67,0x31,0x31,
  0x2e,0x64,0x74,0x64,0x22,0x3e,0x3c,0x73,0x76,0x67,0x20,0x74,0x3d,0x22,0x31,0x36,
  0x33,0x32,0x35,0x36,0x32,0x33,0x34,0x32,0x34,0x33,0x35,0x22,0x20,0x63,0x6c,0x61,
  0x73,0x73,0x3d,0x22,0x69,0x63,0x6f,0x6e,0x22,0x20,0x76,0x69,0x65,0x77,0x42,0x6f,
  0x78,0x3d,0x22,0x30,0x20,0x30,0x20,0x31,0x30,0x32,0x34,0x20,0x31,0x30,0x32,0x34,
  0x22,0x20,0x76,0x65,0x72,0x73,0x69,0x6f,0x6e,0x3d,0x22,0x31,0x2e,0x31,0x22,0x20,
  0x78,0x6d,0x6c,0x6e,0x73,0x3d,0x22,0x68,0x74,0x74,0x70,0x3a,0x2f,0x2f,0x77,0x77,
  0x77,0x2e,0x77,0x33,0x2e,0x6f,0x72,0x67,0x2f,0x32,0x30,0x30,0x30,0x2f,0x73,0x76,
  0x67,0x22,0x20,0x70,0x2d,0x69,0x64,0x3d,0x22,0x37,0x33,0x38,0x35,0x22,0x20,0x78,
  0x6d,0x6c,0x6e,0x73,0x3a,0x78,0x6c,0x69,0x6e,0x6b,0x3d,0x22,0x68,0x74,0x74,0x70,
  0x3a,0x2f,0x2f,0x77,0x77,0x77,0x2e,0x77,0x33,0x2e,0x6f,0x72,0x67,0x2f,0x31,0x39,
  0x39,0x39,0x2f,0x78,0x6c,0x69,0x6e,0x6b,0x22,0x20,0x77,0x69,0x64,0x74,0x68,0x3d,
  0x22,0x32,0x30,0x30,0x22,0x20,0x68,0x65,0x69,0x67,0x68,0x74,0x3d,0x22,0x32,0x30,
  0x30,0x22,0x3e,0x3c,0x64,0x65,0x66,0x73,0x3e,0x3c,0x73,0x74,0x79,0x6c,0x65,0x20,
  0x74,0x79,0x70,0x65,0x3d,0x22,0x74,0x65,0x78,0x74,0x2f,0x63,0x73,0x73,0x22,0x3e,
  0x3c,0x2f,0x73,0x74,0x79,0x6c,0x65,0x3e,0x3c,0x2f,0x64,0x65,0x66,0x73,0x3e,0x3c,
  0x70,0x61,0x74,0x68,0x20,0x64,0x3d,0x22,0x4d,0x31,0x30,0x30,0x2e,0x39,0x39,0x32,
  0x20,0x36,0x34,0x6c,0x38,0x32,0x32,0x2e,0x30,0x31,0x36,0x20,0x30,0x20,0x30,0x20,
  0x32,0x37,0x37,0x2e,0x34,0x34,0x2d,0x33,0x36,0x2e,0x33,0x35,0x32,0x20,0x30,0x63,
  0x30,0x20,0x30,0x2d,0x36,0x39,0x2e,0x33,0x37,0x36,0x2d,0x31,0x36,0x39,0x2e,0x34,
  0x30,0x38,0x2d,0x31,0x35,0x31,0x2e,0x32,0x33,0x32,0x2d,0x31,0x38,0x34,0x2e,0x31,
  0x39,0x32,0x2d,0x38,0x31,0x2e,0x38,0x35,0x36,0x2d,0x31,0x34,0x2e,0x37,0x38,0x34,
  0x2d,0x31,0x33,0x38,0x2e,0x37,0x35,0x32,0x2d,0x34,0x2e,0x36,0x30,0x38,0x2d,0x31,
  0x33,0x38,0x2e,0x37,0x35,0x32,0x2d,0x34,0x2e,0x36,0x30,0x38,0x4c,0x35,0x39,0x35,
  0x2e,0x36,0x34,0x38,0x20,0x38,0x35,0x39,0x2e,0x39,0x36,0x38,0x63,0x30,0x20,0x30,
  0x20,0x32,0x32,0x2e,0x37,0x32,0x20,0x34,0x37,0x2e,0x38,0x30,0x38,0x20,0x36,0x30,
  0x2e,0x32,0x32,0x34,0x20,0x35,0x31,0x2e,0x32,0x6c,0x38,0x33,0x2e,0x30,0x30,0x38,
  0x20,0x30,0x4c,0x37,0x33,0x38,0x2e,0x38,0x38,0x20,0x39,0x36,0x30,0x20,0x32,0x38,
  0x35,0x2e,0x31,0x38,0x34,0x20,0x39,0x36,0x30,0x6c,0x31,0x2e,0x31,0x35,0x32,0x2d,
  0x35,0x30,0x2e,0x30,0x34,0x38,0x4c,0x33,0x35,0x39,0x2e,0x30,0x34,0x20,0x39,0x30,
  0x38,0x2e,0x38,0x63,0x30,0x20,0x30,0x20,0x35,0x34,0x2e,0x35,0x39,0x32,0x2d,0x31,
  0x37,0x2e,0x30,0x38,0x38,0x20,0x35,0x34,0x2e,0x35,0x39,0x32,0x2d,0x35,0x36,0x2e,
  0x38,0x39,0x36,0x20,0x30,0x2d,0x33,0x39,0x2e,0x37,0x34,0x34,0x20,0x31,0x2e,0x31,
  0x35,0x32,0x2d,0x36,0x39,0x33,0x2e,0x35,0x36,0x38,0x20,0x31,0x2e,0x31,0x35,0x32,
  0x2d,0x36,0x39,0x33,0x2e,0x35,0x36,0x38,0x53,0x33,0x32,0x34,0x2e,0x39,0x39,0x32,
  0x20,0x31,0x34,0x35,0x2e,0x39,0x32,0x20,0x32,0x37,0x38,0x2e,0x33,0x33,0x36,0x20,
  0x31,0x35,0x37,0x2e,0x33,0x31,0x32,0x43,0x32,0x33,0x31,0x2e,0x37,0x34,0x34,0x20,
  0x31,0x36,0x38,0x2e,0x36,0x34,0x20,0x31,0x34,0x39,0x2e,0x38,0x32,0x34,0x20,0x32,
  0x33,0x36,0x2e,0x38,0x36,0x34,0x20,0x31,0x33,0x37,0x2e,0x33,0x34,0x34,0x20,0x33,
  0x33,0x36,0x2e,0x38,0x39,0x36,0x4c,0x31,0x30,0x30,0x2e,0x39,0x39,0x32,0x20,0x33,
  0x33,0x38,0x2e,0x30,0x34,0x38,0x20,0x31,0x30,0x30,0x2e,0x39,0x39,0x32,0x20,0x36,
  0x34,0x7a,0x22,0x20,0x70,0x2d,0x69,0x64,0x3d,0x22,0x37,0x33,0x38,0x36,0x22,0x20,
  0x66,0x69,0x6c,0x6c,0x3d,0x22,0x23,0x43,0x43,0x43,0x43,0x43,0x43,0x22,0x3e,0x3c,
  0x2f,0x70,0x61,0x74,0x68,0x3e,0x3c,0x2f,0x73,0x76,0x67,0x3e,
    // D:/KingSoft/developmentPath/KDevelop-Training/ClassExamProject/icons/normal/line.svg
  0x0,0x0,0x2,0x27,
  0x3c,
  0x3f,0x78,0x6d,0x6c,0x20,0x76,0x65,0x72,0x73,0x69,0x6f,0x6e,0x3d,0x22,0x31,0x2e,
  0x30,0x22,0x20,0x73,0x74,0x61,0x6e,0x64,0x61,0x6c,0x6f,0x6e,0x65,0x3d,0x22,0x6e,
  0x6f,0x22,0x3f,0x3e,0x3c,0x21,0x44,0x4f,0x43,0x54,0x59,0x50,0x45,0x20,0x73,0x76,
  0x67,0x20,0x50,0x55,0x42,0x4c,0x49,0x43,0x20,0x22,0x2d,0x2f,0x2f,0x57,0x33,0x43,
  0x2f,0x2f,0x44,0x54,0x44,0x20,0x53,0x56,0x47,0x20,0x31,0x2e,0x31,0x2f,0x2f,0x45,
  0x4e,0x22,0x20,0x22,0x68,0x74,0x74,0x70,0x3a,0x2f,0x2f,0x77,0x77,0x77,0x2e,0x77,
  0x33,0x2e,0x6f,0x72,0x67,0x2f,0x47,0x72,0x61,0x70,0x68,0x69,0x63,0x73,0x2f,0x53,
  0x56,0x47,0x2f,0x31,0x2e,0x31,0x2f,0x44,0x54,0x44,0x2f,0x73,0x76,0x67,0x31,0x31,
  0x2e,0x64,0x74,0x64,0x22,0x3e,0x3c,0x73,0x76,0x67,0x20,0x74,0x3d,0x22,0x31,0x36,
  0x33,0x32,0x35,0x36,0x32,0x30,0x38,0x35,0x37,0x30,0x32,0x22,0x20,0x63,0x6c,0x61,
  0x73,0x73,0x3d,0x22,0x69,0x63,0x6f,0x6e,0x22,0x20,0x76,0x69,0x65,0x77,0x42,0x6f,
  0x78,0x3d,0x22,0x30,0x20,0x30,0x20,0x31,0x30,0x32,0x34,0x20,0x31,0x30,0x32,0x34,
  0x22,0x20,0x76,0x65,0x72,0x73,0x69,0x6f,0x6e,0x3d,0x22,0x31,0x2e,0x31,0x22,0x20,
  0x78,0x6d,0x6c,0x6e,0x73,0x3d,0x22,0x68,0x74,0x74,0x70,0x3a,0x2f,0x2f,0x77,0x77,
  0x77,0x2e,0x77,0x33,0x2e,0x6f,0x72,0x67,0x2f,0x32,0x30,0x30,0x30,0x2f,0x73,0x76,
  0x67,0x22,0x20,0x70,0x2d,0x69,0x64,0x3d,0x22,0x33,0x33,0x30,0x31,0x22,0x20,0x78,
  0x6d,0x6c,0x6e,0x73,0x3a,0x78,0x6c,0x69,0x6e,0x6b,0x3d,0x22,0x68,0x74,0x74,0x70,
  0x3a,0x2f,0x2f,0x77,0x77,0x77,0x2e,0x77,0x33,0x2e,0x6f,0x72,0x67,0x2f,0x31,0x39,
  0x39,0x39,0x2f,0x78,0x6c,0x69,0x6e,0x6b,0x22,0x20,0x77,0x69,0x64,0x74,0x68,0x3d,
  0x22,0x32,0x30,0x30,0x22,0x20,0x68,0x65,0x69,0x67,0x68,0x74,0x3d,0x22,0x32,0x30,
  0x30,0x22,0x3e,0x3c,0x64,0x65,0x66,0x73,0x3e,0x3c,0x73,0x74,0x79,0x6c,0x65,0x20,
  0x74,0x79,0x70,0x65,0x3d,0x22,0x74,0x65,0x78,0x74,0x2f,0x63,0x73,0x73,0x22,0x3e,
  0x3c,0x2f,0x73,0x74,0x79,0x6c,0x65,0x3e,0x3c,0x2f,0x64,0x65,0x66,0x73,0x3e,0x3c,
  0x70,0x61,0x74,0x68,0x20,0x64,0x3d,0x22,0x4d,0x31,0x33,0x30,0x2e,0x31,0x20,0x32,
  0x32,0x33,0x2e,0x37,0x6c,0x38,0x33,0x33,0x2e,0x32,0x20,0x34,0x38,0x31,0x63,0x33,
  0x32,0x2e,0x39,0x20,0x31,0x39,0x20,0x34,0x34,0x2e,0x31,0x20,0x36,0x31,0x20,0x32,
  0x35,0x2e,0x32,0x20,0x39,0x33,0x2e,0x39,0x73,0x2d,0x36,0x31,0x20,0x34,0x34,0x2e,
  0x31,0x2d,0x39,0x33,0x2e,0x39,0x20,0x32,0x35,0x2e,0x32,0x6c,0x2d,0x38,0x33,0x33,
  0x2e,0x32,0x2d,0x34,0x38,0x31,0x63,0x2d,0x33,0x32,0x2e,0x39,0x2d,0x31,0x39,0x2d,
  0x34,0x34,0x2e,0x31,0x2d,0x36,0x31,0x2d,0x32,0x35,0x2e,0x32,0x2d,0x39,0x33,0x2e,
  0x39,0x20,0x31,0x39,0x2d,0x33,0x32,0x2e,0x39,0x20,0x36,0x31,0x2d,0x34,0x34,0x2e,
  0x31,0x20,0x39,0x33,0x2e,0x39,0x2d,0x32,0x35,0x2e,0x32,0x7a,0x22,0x20,0x70,0x2d,
  0x69,0x64,0x3d,0x22,0x33,0x33,0x30,0x32,0x22,0x20,0x66,0x69,0x6c,0x6c,0x3d,0x22,
  0x23,0x43,0x43,0x43,0x43,0x43,0x43,0x22,0x3e,0x3c,0x2f,0x70,0x61,0x74,0x68,0x3e,
  0x3c,0x2f,0x73,0x76,0x67,0x3e,
    // D:/KingSoft/developmentPath/KDevelop-Training/ClassExamProject/icons/normal/rect.svg
  0x0,0x0,0x1,0xbc,
  0x3c,
  0x3f,0x78,0x6d,0x6c,0x20,0x76,0x65,0x72,0x73,0x69,0x6f,0x6e,0x3d,0x22,0x31,0x2e,
  0x30,0x22,0x20,0x73,0x74,0x61,0x6e,0x64,0x61,0x6c,0x6f,0x6e,0x65,0x3d,0x22,0x6e,
  0x6f,0x22,0x3f,0x3e,0x3c,0x21,0x44,0x4f,0x43,0x54,0x59,0x50,0x45,0x20,0x73,0x76,
  0x67,0x20,0x50,0x55,0x42,0x4c,0x49,0x43,0x20,0x22,0x2d,0x2f,0x2f,0x57,0x33,0x43,
  0x2f,0x2f,0x44,0x54,0x44,0x20,0x53,0x56,0x47,0x20,0x31,0x2e,0x31,0x2f,0x2f,0x45,
  0x4e,0x22,0x20,0x22,0x68,0x74,0x74,0x70,0x3a,0x2f,0x2f,0x77,0x77,0x77,0x2e,0x77,
  0x33,0x2e,0x6f,0x72,0x67,0x2f,0x47,0x72,0x61,0x70,0x68,0x69,0x63,0x73,0x2f,0x53,
  0x56,0x47,0x2f,0x31,0x2e,0x31,0x2f,0x44,0x54,0x44,0x2f,0x73,0x76,0x67,0x31,0x31,
  0x2e,0x64,0x74,0x64,0x22,0x3e,0x3c,0x73,0x76,0x67,0x20,0x74,0x3d,0x22,0x31,0x36,
  0x33,0x32,0x35,0x36,0x32,0x34,0x32,0x38,0x38,0x37,0x31,0x22,0x20,0x63,0x6c,0x61,
  0x73,0x73,0x3d,0x22,0x69,0x63,0x6f,0x6e,0x22,0x20,0x76,0x69,0x65,0x77,0x42,0x6f,
  0x78,0x3d,0x22,0x30,0x20,0x30,0x20,0x31,0x30,0x32,0x34,0x20,0x31,0x30,0x32,0x34,
  0x22,0x20,0x76,0x65,0x72,0x73,0x69,0x6f,0x6e,0x3d,0x22,0x31,0x2e,0x31,0x22,0x20,
  0x78,0x6d,0x6c,0x6e,0x73,0x3d,0x22,0x68,0x74,0x74,0x70,0x3a,0x2f,0x2f,0x77,0x77,
  0x77,0x2e,0x77,0x33,0x2e,0x6f,0x72,0x67,0x2f,0x32,0x30,0x30,0x30,0x2f,0x73,0x76,
  0x67,0x22,0x20,0x70,0x2d,0x69,0x64,0x3d,0x22,0x39,0x33,0x33,0x36,0x22,0x20,0x78,
  0x6d,0x6c,0x6e,0x73,0x3a,0x78,0x6c,0x69,0x6e,0x6b,0x3d,0x22,0x68,0x74,0x74,0x70,
  0x3a,0x2f,0x2f,0x77,0x77,0x77,0x2e,0x77,0x33,0x2e,0x6f,0x72,0x67,0x2f,0x31,0x39,
  0x39,0x39,0x2f,0x78,0x6c,0x69,0x6e,0x6b,0x22,0x20,0x77,0x69,0x64,0x74,0x68,0x3d,
  0x22,0x32,0x30,0x30,0x22,0x20,0x68,0x65,0x69,0x67,0x68,0x74,0x3d,0x22,0x32,0x30,
  0x30,0x22,0x3e,0x3c,0x64,0x65,0x66,0x73,0x3e,0x3c,0x73,0x74,0x79,0x6c,0x65,0x20,
  0x74,0x79,0x70,0x65,0x3d,0x22,0x74,0x65,0x78,0x74,0x2f,0x63,0x73,0x73,0x22,0x3e,
  0x3c,0x2f,0x73,0x74,0x79,0x6c,0x65,0x3e,0x3c,0x2f,0x64,0x65,0x66,0x73,0x3e,0x3c,
  0x70,0x61,0x74,0x68,0x20,0x64,0x3d,0x22,0x4d,0x36,0x32,0x20,0x36,0x32,0x68,0x39,
  0x30,0x30,0x76,0x39,0x30,0x30,0x68,0x2d,0x39,0x30,0x30,0x76,0x2d,0x39,0x30,0x30,
  0x7a,0x22,0x20,0x70,0x2d,0x69,0x64,0x3d,0x22,0x39,0x33,0x33,0x37,0x22,0x20,0x66,
  0x69,0x6c,0x6c,0x3d,0x22,0x23,0x43,0x43,0x43,0x43,0x43,0x43,0x22,0x3e,0x3c,0x2f,
  0x70,0x61,0x74,0x68,0x3e,0x3c,0x2f,0x73,0x76,0x67,0x3e,
    // D:/KingSoft/developmentPath/KDevelop-Training/ClassExamProject/icons/normal/star.svg
  0x0,0x0,0x4,0xad,
  0x3c,
  0x3f,0x78,0x6d,0x6c,0x20,0x76,0x65,0x72,0x73,0x69,0x6f,0x6e,0x3d,0x22,0x31,0x2e,
  0x30,0x22,0x20,0x73,0x74,0x61,0x6e,0x64,0x61,0x6c,0x6f,0x6e,0x65,0x3d,0x22,0x6e,
  0x6f,0x22,0x3f,0x3e,0x3c,0x21,0x44,0x4f,0x43,0x54,0x59,0x50,0x45,0x20,0x73,0x76,
  0x67,0x20,0x50,0x55,0x42,0x4c,0x49,0x43,0x20,0x22,0x2d,0x2f,0x2f,0x57,0x33,0x43,
  0x2f,0x2f,0x44,0x54,0x44,0x20,0x53,0x56,0x47,0x20,0x31,0x2e,0x31,0x2f,0x2f,0x45,
  0x4e,0x22,0x20,0x22,0x68,0x74,0x74,0x70,0x3a,0x2f,0x2f,0x77,0x77,0x77,0x2e,0x77,
  0x33,0x2e,0x6f,0x72,0x67,0x2f,0x47,0x72,0x61,0x70,0x68,0x69,0x63,0x73,0x2f,0x53,
  0x56,0x47,0x2f,0x31,0x2e,0x31,0x2f,0x44,0x54,0x44,0x2f,0x73,0x76,0x67,0x31,0x31,
  0x2e,0x64,0x74,0x64,0x22,0x3e,0x3c,0x73,0x76,0x67,0x20,0x74,0x3d,0x22,0x31,0x37,
  0x32,0x32,0x32,0x34,0x30,0x39,0x30,0x35,0x36,0x33,0x37,0x22,0x20,0x63,0x6c,0x61,
  0x73,0x73,0x3d,0x22,0x69,0x63,0x6f,0x6e,0x22,0x20,0x76,0x69,0x65,0x77,0x42,0x6f,
  0x78,0x3d,0x22,0x30,0x20,0x30,0x20,0x31,0x30,0x32,0x34,0x20,0x31,0x30,0x32,0x34,
  0x22,0x20,0x76,0x65,0x72,0x73,0x69,0x6f,0x6e,0x3d,0x22,0x31,0x2e,0x31,0x22,0x20,
  0x78,0x6d,0x6c,0x6e,0x73,0x3d,0x22,0x68,0x74,0x74,0x70,0x3a,0x2f,0x2f,0x77,0x77,
  0x77,0x2e,0x77,0x33,0x2e,0x6f,0x72,0x67,0x2f,0x32,0x30,0x30,0x30,0x2f,0x73,0x76,
  0x67,0x22,0x20,0x70,0x2d,0x69,0x64,0x3d,0x22,0x36,0x38,0x39,0x36,0x22,0x20,0x78,
  0x6d,0x6c,0x6e,0x73,0x3a,0x78,0x6c,0x69,0x6e,0x6b,0x3d,0x22,0x68,0x74,0x74,0x70,
  0x3a,0x2f,0x2f,0x77,0x77,0x77,0x2e,0x77,0x33,0x2e,0x6f,0x72,0x67,0x2f,0x31,0x39,
  0x39,0x39,0x2f,0x78,0x6c,0x69,0x6e,0x6b,0x22,0x20,0x77,0x69,0x64,0x74,0x68,0x3d,
  0x22,0x31,0x36,0x22,0x20,0x68,0x65,0x69,0x67,0x68,0x74,0x3d,0x22,0x31,0x36,0x22,
  0x3e,0x3c,0x70,0x61,0x74,0x68,0x20,0x64,0x3d,0x22,0x4d,0x39,0x35,0x36,0x2e,0x37,
  0x34,0x31,0x36,0x36,0x35,0x20,0x34,0x31,0x39,0x2e,0x38,0x38,0x35,0x30,0x34,0x36,
  0x63,0x2d,0x35,0x2e,0x32,0x34,0x31,0x33,0x37,0x34,0x2d,0x31,0x36,0x2e,0x32,0x30,
  0x30,0x39,0x38,0x34,0x2d,0x31,0x39,0x2e,0x31,0x37,0x38,0x38,0x30,0x35,0x2d,0x32,
  0x38,0x2e,0x30,0x35,0x34,0x39,0x36,0x33,0x2d,0x33,0x36,0x2e,0x30,0x33,0x34,0x37,
  0x30,0x34,0x2d,0x33,0x30,0x2e,0x34,0x39,0x36,0x35,0x37,0x31,0x6c,0x2d,0x32,0x35,
  0x34,0x2e,0x39,0x33,0x31,0x31,0x35,0x37,0x2d,0x34,0x34,0x2e,0x37,0x39,0x31,0x31,
  0x33,0x36,0x4c,0x35,0x35,0x31,0x2e,0x37,0x37,0x32,0x33,0x33,0x20,0x31,0x31,0x35,
  0x2e,0x31,0x35,0x39,0x38,0x31,0x63,0x2d,0x37,0x2e,0x34,0x34,0x34,0x35,0x35,0x33,
  0x2d,0x31,0x35,0x2e,0x32,0x34,0x38,0x32,0x38,0x36,0x2d,0x32,0x32,0x2e,0x39,0x39,
  0x32,0x36,0x36,0x37,0x2d,0x32,0x34,0x2e,0x38,0x39,0x38,0x30,0x36,0x33,0x2d,0x34,
  0x30,0x2e,0x30,0x32,0x35,0x35,0x39,0x39,0x2d,0x32,0x34,0x2e,0x38,0x39,0x38,0x30,
  0x36,0x33,0x2d,0x31,0x37,0x2e,0x30,0x33,0x36,0x30,0x30,0x32,0x20,0x30,0x2d,0x33,
  0x32,0x2e,0x35,0x32,0x32,0x37,0x31,0x38,0x20,0x39,0x2e,0x36,0x34,0x38,0x37,0x35,
  0x34,0x2d,0x34,0x30,0x2e,0x31,0x34,0x36,0x33,0x34,0x39,0x20,0x32,0x34,0x2e,0x38,
  0x39,0x38,0x30,0x36,0x33,0x4c,0x33,0x35,0x37,0x2e,0x36,0x35,0x35,0x32,0x33,0x38,
  0x20,0x33,0x34,0x34,0x2e,0x35,0x39,0x37,0x33,0x33,0x39,0x20,0x31,0x30,0x32,0x2e,
  0x37,0x38,0x34,0x34,0x35,0x36,0x20,0x33,0x39,0x30,0x2e,0x39,0x33,0x36,0x37,0x33,
  0x37,0x63,0x2d,0x31,0x36,0x2e,0x38,0x35,0x36,0x39,0x32,0x33,0x20,0x32,0x2e,0x34,
  0x34,0x32,0x36,0x33,0x32,0x2d,0x33,0x30,0x2e,0x38,0x35,0x32,0x36,0x38,0x32,0x20,
  0x31,0x34,0x2e,0x32,0x39,0x35,0x35,0x38,0x38,0x2d,0x33,0x36,0x2e,0x30,0x33,0x35,
  0x37,0x32,0x38,0x20,0x33,0x30,0x2e,0x34,0x39,0x36,0x35,0x37,0x31,0x2d,0x35,0x2e,
  0x33,0x30,0x30,0x37,0x32,0x36,0x20,0x31,0x36,0x2e,0x31,0x34,0x31,0x36,0x33,0x32,
  0x2d,0x30,0x2e,0x38,0x39,0x33,0x33,0x34,0x36,0x20,0x33,0x33,0x2e,0x39,0x35,0x31,
  0x32,0x35,0x33,0x20,0x31,0x31,0x2e,0x33,0x31,0x37,0x37,0x36,0x37,0x20,0x34,0x35,
  0x2e,0x38,0x30,0x34,0x32,0x30,0x39,0x6c,0x31,0x38,0x34,0x2e,0x34,0x30,0x37,0x39,
  0x36,0x33,0x20,0x31,0x37,0x30,0x2e,0x34,0x31,0x30,0x31,0x35,0x38,0x2d,0x34,0x38,
  0x2e,0x31,0x38,0x36,0x34,0x36,0x36,0x20,0x32,0x34,0x37,0x2e,0x36,0x36,0x32,0x36,
  0x31,0x33,0x63,0x2d,0x32,0x2e,0x38,0x35,0x39,0x31,0x31,0x38,0x20,0x31,0x36,0x2e,
  0x37,0x33,0x37,0x31,0x39,0x36,0x20,0x33,0x2e,0x39,0x33,0x30,0x35,0x31,0x39,0x20,
  0x33,0x33,0x2e,0x38,0x33,0x33,0x35,0x37,0x33,0x20,0x31,0x37,0x2e,0x38,0x30,0x39,
  0x36,0x32,0x31,0x20,0x34,0x33,0x2e,0x37,0x32,0x30,0x37,0x35,0x37,0x20,0x31,0x33,
  0x2e,0x32,0x34,0x34,0x36,0x35,0x32,0x20,0x31,0x33,0x2e,0x32,0x34,0x34,0x36,0x35,
  0x32,0x20,0x34,0x30,0x2e,0x35,0x36,0x32,0x38,0x33,0x34,0x20,0x36,0x2e,0x39,0x30,
  0x38,0x33,0x34,0x20,0x34,0x37,0x2e,0x30,0x35,0x33,0x36,0x36,0x36,0x20,0x33,0x2e,
  0x35,0x31,0x34,0x30,0x33,0x33,0x6c,0x32,0x33,0x32,0x2e,0x35,0x39,0x35,0x34,0x35,
  0x32,0x2d,0x31,0x31,0x33,0x2e,0x36,0x34,0x36,0x33,0x34,0x4c,0x37,0x34,0x32,0x2e,
  0x38,0x35,0x32,0x32,0x35,0x20,0x39,0x33,0x32,0x2e,0x35,0x34,0x35,0x30,0x37,0x38,
  0x63,0x36,0x2e,0x34,0x39,0x30,0x38,0x33,0x31,0x20,0x33,0x2e,0x33,0x39,0x34,0x33,
  0x30,0x37,0x20,0x33,0x32,0x2e,0x31,0x36,0x36,0x36,0x30,0x37,0x20,0x31,0x31,0x2e,
  0x33,0x37,0x33,0x30,0x32,0x35,0x20,0x34,0x37,0x2e,0x30,0x35,0x32,0x36,0x34,0x32,
  0x2d,0x33,0x2e,0x35,0x31,0x34,0x30,0x33,0x33,0x20,0x31,0x33,0x2e,0x37,0x36,0x30,
  0x33,0x39,0x38,0x2d,0x39,0x2e,0x38,0x38,0x37,0x31,0x38,0x34,0x20,0x32,0x30,0x2e,
  0x37,0x38,0x37,0x34,0x34,0x32,0x2d,0x32,0x36,0x2e,0x39,0x38,0x32,0x35,0x33,0x38,
  0x20,0x31,0x37,0x2e,0x38,0x36,0x39,0x39,0x39,0x36,0x2d,0x34,0x33,0x2e,0x37,0x32,
  0x30,0x37,0x35,0x37,0x4c,0x37,0x36,0x31,0x2e,0x30,0x37,0x37,0x33,0x33,0x34,0x20,
  0x36,0x33,0x37,0x2e,0x36,0x34,0x37,0x36,0x37,0x35,0x6c,0x31,0x38,0x34,0x2e,0x34,
  0x36,0x37,0x33,0x31,0x35,0x2d,0x31,0x37,0x32,0x2e,0x30,0x31,0x38,0x37,0x39,0x35,
  0x43,0x39,0x35,0x37,0x2e,0x36,0x39,0x36,0x34,0x31,0x20,0x34,0x35,0x33,0x2e,0x38,
  0x33,0x36,0x32,0x39,0x39,0x20,0x39,0x36,0x32,0x2e,0x30,0x34,0x33,0x34,0x31,0x35,
  0x20,0x34,0x33,0x36,0x2e,0x30,0x32,0x36,0x36,0x37,0x38,0x20,0x39,0x35,0x36,0x2e,
  0x37,0x34,0x31,0x36,0x36,0x35,0x20,0x34,0x31,0x39,0x2e,0x38,0x38,0x35,0x30,0x34,
  0x36,0x7a,0x22,0x20,0x66,0x69,0x6c,0x6c,0x3d,0x22,0x23,0x64,0x62,0x64,0x62,0x64,
  0x62,0x22,0x20,0x70,0x2d,0x69,0x64,0x3d,0x22,0x36,0x38,0x39,0x37,0x22,0x3e,0x3c,
  0x2f,0x70,0x61,0x74,0x68,0x3e,0x3c,0x2f,0x73,0x76,0x67,0x3e,
    // D:/KingSoft/developmentPath/KDevelop-Training/ClassExamProject/icons/normal/mouse.svg
  0x0,0x0,0x3,0x48,
  0x3c,
  0x3f,0x78,0x6d,0x6c,0x20,0x76,0x65,0x72,0x73,0x69,0x6f,0x6e,0x3d,0x22,0x31,0x2e,
  0x30,0x22,0x20,0x73,0x74,0x61,0x6e,0x64,0x61,0x6c,0x6f,0x6e,0x65,0x3d,0x22,0x6e,
  0x6f,0x22,0x3f,0x3e,0x3c,0x21,0x44,0x4f,0x43,0x54,0x59,0x50,0x45,0x20,0x73,0x76,
  0x67,0x20,0x50,0x55,0x42,0x4c,0x49,0x43,0x20,0x22,0x2d,0x2f,0x2f,0x57,0x33,0x43,
  0x2f,0x2f,0x44,0x54,0x44,0x20,0x53,0x56,0x47,0x20,0x31,0x2e,0x31,0x2f,0x2f,0x45,
  0x4e,0x22,0x20,0x22,0x68,0x74,0x74,0x70,0x3a,0x2f,0x2f,0x77,0x77,0x77,0x2e,0x77,
  0x33,0x2e,0x6f,0x72,0x67,0x2f,0x47,0x72,0x61,0x70,0x68,0x69,0x63,0x73,0x2f,0x53,
  0x56,0x47,0x2f,0x31,0x2e,0x31,0x2f,0x44,0x54,0x44,0x2f,0x73,0x76,0x67,0x31,0x31,
  0x2e,0x64,0x74,0x64,0x22,0x3e,0x3c,0x73,0x76,0x67,0x20,0x74,0x3d,0x22,0x31,0x36,
  0x33,0x32,0x35,0x36,0x32,0x31,0x36,0x39,0x38,0x37,0x37,0x22,0x20,0x63,0x6c,0x61,
  0x73,0x73,0x3d,0x22,0x69,0x63,0x6f,0x6e,0x22,0x20,0x76,0x69,0x65,0x77,0x42,0x6f,
  0x78,0x3d,0x22,0x30,0x20,0x30,0x20,0x31,0x30,0x32,0x34,0x20,0x31,0x30,0x32,0x34,
  0x22,0x20,0x76,0x65,0x72,0x73,0x69,0x6f,0x6e,0x3d,0x22,0x31,0x2e,0x31,0x22,0x20,
  0x78,0x6d,0x6c,0x6e,0x73,0x3d,0x22,0x68,0x74,0x74,0x70,0x3a,0x2f,0x2f,0x77,0x77,
  0x77,0x2e,0x77,0x33,0x2e,0x6f,0x72,0x67,0x2f,0x32,0x30,0x30,0x30,0x2f,0x73,0x76,
  0x67,0x22,0x20,0x70,0x2d,0x69,0x64,0x3d,0x22,0x35,0x30,0x38,0x39,0x22,0x20,0x78,
  0x6d,0x6c,0x6e,0x73,0x3a,0x78,0x6c,0x69,0x6e,0x6b,0x3d,0x22,0x68,0x74,0x74,0x70,
  0x3a,0x2f,0x2f,0x77,0x77,0x77,0x2e,0x77,0x33,0x2e,0x6f,0x72,0x67,0x2f,0x31,0x39,
  0x39,0x39,0x2f,0x78,0x6c,0x69,0x6e,0x6b,0x22,0x20,0x77,0x69,0x64,0x74,0x68,0x3d,
  0x22,0x32,0x30,0x30,0x22,0x20,0x68,0x65,0x69,0x67,0x68,0x74,0x3d,0x22,0x32,0x30,
  0x30,0x22,0x3e,0x3c,0x64,0x65,0x66,0x73,0x3e,0x3c,0x73,0x74,0x79,0x6c,0x65,0x20,
  0x74,0x79,0x70,0x65,0x3d,0x22,0x74,0x65,0x78,0x74,0x2f,0x63,0x73,0x73,0x22,0x3e,
  0x3c,0x2f,0x73,0x74,0x79,0x6c,0x65,0x3e,0x3c,0x2f,0x64,0x65,0x66,0x73,0x3e,0x3c,
  0x70,0x61,0x74,0x68,0x20,0x64,0x3d,0x22,0x4d,0x38,0x33,0x36,0x2e,0x35,0x34,0x20,
  0x34,0x32,0x39,0x2e,0x35,0x32,0x36,0x36,0x36,0x37,0x6c,0x2d,0x34,0x39,0x38,0x2e,
  0x38,0x33,0x33,0x33,0x33,0x33,0x2d,0x32,0x38,0x38,0x2d,0x39,0x31,0x2e,0x39,0x34,
  0x36,0x36,0x36,0x37,0x2d,0x35,0x33,0x2e,0x30,0x38,0x36,0x36,0x36,0x37,0x63,0x2d,
  0x31,0x30,0x2d,0x35,0x2e,0x37,0x38,0x2d,0x31,0x38,0x2e,0x35,0x35,0x33,0x33,0x33,
  0x33,0x2d,0x32,0x2e,0x31,0x2d,0x32,0x31,0x2e,0x37,0x36,0x2d,0x30,0x2e,0x32,0x34,
  0x36,0x36,0x36,0x37,0x41,0x32,0x31,0x2e,0x33,0x33,0x33,0x33,0x33,0x33,0x20,0x32,
  0x31,0x2e,0x33,0x33,0x33,0x33,0x33,0x33,0x20,0x30,0x20,0x30,0x20,0x30,0x20,0x32,
  0x31,0x33,0x2e,0x33,0x33,0x33,0x33,0x33,0x33,0x20,0x31,0x30,0x36,0x2e,0x36,0x36,
  0x36,0x36,0x36,0x37,0x76,0x36,0x38,0x32,0x2e,0x36,0x36,0x36,0x36,0x36,0x36,0x61,
  0x32,0x31,0x2e,0x33,0x33,0x33,0x33,0x33,0x33,0x20,0x32,0x31,0x2e,0x33,0x33,0x33,
  0x33,0x33,0x33,0x20,0x30,0x20,0x30,0x20,0x30,0x20,0x33,0x36,0x2e,0x31,0x31,0x33,
  0x33,0x33,0x34,0x20,0x31,0x35,0x2e,0x33,0x38,0x36,0x36,0x36,0x37,0x6c,0x31,0x35,
  0x34,0x2e,0x36,0x36,0x36,0x36,0x36,0x36,0x2d,0x31,0x34,0x38,0x2e,0x35,0x38,0x36,
  0x36,0x36,0x37,0x20,0x31,0x33,0x30,0x2e,0x33,0x38,0x20,0x32,0x32,0x35,0x2e,0x38,
  0x32,0x36,0x36,0x36,0x37,0x41,0x35,0x33,0x2e,0x33,0x33,0x33,0x33,0x33,0x33,0x20,
  0x35,0x33,0x2e,0x33,0x33,0x33,0x33,0x33,0x33,0x20,0x30,0x20,0x30,0x20,0x30,0x20,
  0x36,0x30,0x37,0x2e,0x33,0x33,0x33,0x33,0x33,0x33,0x20,0x39,0x30,0x31,0x2e,0x34,
  0x38,0x36,0x36,0x36,0x37,0x6c,0x31,0x32,0x39,0x2e,0x33,0x33,0x33,0x33,0x33,0x34,
  0x2d,0x37,0x34,0x2e,0x36,0x36,0x36,0x36,0x36,0x37,0x61,0x35,0x33,0x2e,0x33,0x33,
  0x33,0x33,0x33,0x33,0x20,0x35,0x33,0x2e,0x33,0x33,0x33,0x33,0x33,0x33,0x20,0x30,
  0x20,0x30,0x20,0x30,0x20,0x31,0x39,0x2e,0x35,0x32,0x36,0x36,0x36,0x36,0x2d,0x37,
  0x32,0x2e,0x38,0x36,0x4c,0x36,0x32,0x35,0x2e,0x38,0x20,0x35,0x32,0x38,0x2e,0x31,
  0x33,0x33,0x33,0x33,0x33,0x6c,0x32,0x30,0x36,0x2d,0x35,0x39,0x2e,0x36,0x34,0x61,
  0x32,0x31,0x2e,0x33,0x33,0x33,0x33,0x33,0x33,0x20,0x32,0x31,0x2e,0x33,0x33,0x33,
  0x33,0x33,0x33,0x20,0x30,0x20,0x30,0x20,0x30,0x20,0x34,0x2e,0x37,0x33,0x33,0x33,
  0x33,0x33,0x2d,0x33,0x38,0x2e,0x39,0x36,0x36,0x36,0x36,0x36,0x7a,0x22,0x20,0x66,
  0x69,0x6c,0x6c,0x3d,0x22,0x23,0x43,0x43,0x43,0x43,0x43,0x43,0x22,0x20,0x70,0x2d,
  0x69,0x64,0x3d,0x22,0x35,0x30,0x39,0x30,0x22,0x3e,0x3c,0x2f,0x70,0x61,0x74,0x68,
  0x3e,0x3c,0x2f,0x73,0x76,0x67,0x3e,
    // D:/KingSoft/developmentPath/KDevelop-Training/ClassExamProject/icons/normal/pen.svg
  0x0,0x0,0x6,0x8,
  0x3c,
  0x3f,0x78,0x6d,0x6c,0x20,0x76,0x65,0x72,0x73,0x69,0x6f,0x6e,0x3d,0x22,0x31,0x2e,
  0x30,0x22,0x20,0x73,0x74,0x61,0x6e,0x64,0x61,0x6c,0x6f,0x6e,0x65,0x3d,0x22,0x6e,
  0x6f,0x22,0x3f,0x3e,0x3c,0x21,0x44,0x4f,0x43,0x54,0x59,0x50,0x45,0x20,0x73,0x76,
  0x67,0x20,0x50,0x55,0x42,0x4c,0x49,0x43,0x20,0x22,0x2d,0x2f,0x2f,0x57,0x33,0x43,
  0x2f,0x2f,0x44,0x54,0x44,0x20,0x53,0x56,0x47,0x20,0x31,0x2e,0x31,0x2f,0x2f,0x45,
  0x4e,0x22,0x20,0x22,0x68,0x74,0x74,0x70,0x3a,0x2f,0x2f,0x77,0x77,0x77,0x2e,0x77,
  0x33,0x2e,0x6f,0x72,0x67,0x2f,0x47,0x72,0x61,0x70,0x68,0x69,0x63,0x73,0x2f,0x53,
  0x56,0x47,0x2f,0x31,0x2e,0x31,0x2f,0x44,0x54,0x44,0x2f,0x73,0x76,0x67,0x31,0x31,
  0x2e,0x64,0x74,0x64,0x22,0x3e,0x3c,0x73,0x76,0x67,0x20,0x74,0x3d,0x22,0x31,0x36,
  0x33,0x32,0x35,0x36,0x32,0x32,0x37,0x31,0x39,0x33,0x36,0x22,0x20,0x63,0x6c,0x61,
  0x73,0x73,0x3d,0x22,0x69,0x63,0x6f,0x6e,0x22,0x20,0x76,0x69,0x65,0x77,0x42,0x6f,
  0x78,0x3d,0x22,0x30,0x20,0x30,0x20,0x31,0x30,0x32,0x38,0x20,0x31,0x30,0x32,0x34,
  0x22,0x20,0x76,0x65,0x72,0x73,0x69,0x6f,0x6e,0x3d,0x22,0x31,0x2e,0x31,0x22,0x20,
  0x78,0x6d,0x6c,0x6e,0x73,0x3d,0x22,0x68,0x74,0x74,0x70,0x3a,0x2f,0x2f,0x77,0x77,
  0x77,0x2e,0x77,0x33,0x2e,0x6f,0x72,0x67,0x2f,0x32,0x30,0x30,0x30,0x2f,0x73,0x76,
  0x67,0x22,0x20,0x70,0x2d,0x69,0x64,0x3d,0x22,0x36,0x32,0x39,0x36,0x22,0x20,0x78,
  0x6d,0x6c,0x6e,0x73,0x3a,0x78,0x6c,0x69,0x6e,0x6b,0x3d,0x22,0x68,0x74,0x74,0x70,
  0x3a,0x2f,0x2f,0x77,0x77,0x77,0x2e,0x77,0x33,0x2e,0x6f,0x72,0x67,0x2f,0x31,0x39,
  0x39,0x39,0x2f,0x78,0x6c,0x69,0x6e,0x6b,0x22,0x20,0x77,0x69,0x64,0x74,0x68,0x3d,
  0x22,0x32,0x30,0x30,0x2e,0x37,0x38,0x31,0x32,0x35,0x22,0x20,0x68,0x65,0x69,0x67,
  0x68,0x74,0x3d,0x22,0x32,0x30,0x30,0x22,0x3e,0x3c,0x64,0x65,0x66,0x73,0x3e,0x3c,
  0x73,0x74,0x79,0x6c,0x65,0x20,0x74,0x79,0x70,0x65,0x3d,0x22,0x74,0x65,0x78,0x74,
  0x2f,0x63,0x73,0x73,0x22,0x3e,0x3c,0x2f,0x73,0x74,0x79,0x6c,0x65,0x3e,0x3c,0x2f,
  0x64,0x65,0x66,0x73,0x3e,0x3c,0x70,0x61,0x74,0x68,0x20,0x64,0x3d,0x22,0x4d,0x31,
  0x30,0x31,0x38,0x2e,0x33,0x31,0x39,0x39,0x32,0x34,0x20,0x31,0x31,0x32,0x2e,0x31,
  0x31,0x37,0x35,0x33,0x35,0x71,0x34,0x2e,0x30,0x39,0x33,0x37,0x34,0x38,0x20,0x39,
  0x2e,0x32,0x31,0x30,0x39,0x33,0x34,0x20,0x36,0x2e,0x36,0x35,0x32,0x33,0x34,0x31,
  0x20,0x32,0x31,0x2e,0x34,0x39,0x32,0x31,0x37,0x39,0x74,0x32,0x2e,0x35,0x35,0x38,
  0x35,0x39,0x33,0x20,0x32,0x35,0x2e,0x35,0x38,0x35,0x39,0x32,0x38,0x2d,0x35,0x2e,
  0x31,0x31,0x37,0x31,0x38,0x36,0x20,0x32,0x36,0x2e,0x36,0x30,0x39,0x33,0x36,0x35,
  0x2d,0x31,0x36,0x2e,0x33,0x37,0x34,0x39,0x39,0x34,0x20,0x32,0x35,0x2e,0x35,0x38,
  0x35,0x39,0x32,0x38,0x71,0x2d,0x31,0x32,0x2e,0x32,0x38,0x31,0x32,0x34,0x35,0x20,
  0x31,0x32,0x2e,0x32,0x38,0x31,0x32,0x34,0x35,0x2d,0x32,0x32,0x2e,0x30,0x30,0x33,
  0x38,0x39,0x38,0x20,0x32,0x31,0x2e,0x34,0x39,0x32,0x31,0x37,0x39,0x74,0x2d,0x31,
  0x36,0x2e,0x38,0x38,0x36,0x37,0x31,0x32,0x20,0x31,0x36,0x2e,0x33,0x37,0x34,0x39,
  0x39,0x34,0x71,0x2d,0x38,0x2e,0x31,0x38,0x37,0x34,0x39,0x37,0x20,0x38,0x2e,0x31,
  0x38,0x37,0x34,0x39,0x37,0x2d,0x31,0x35,0x2e,0x33,0x35,0x31,0x35,0x35,0x37,0x20,
  0x31,0x34,0x2e,0x33,0x32,0x38,0x31,0x32,0x6c,0x2d,0x31,0x39,0x31,0x2e,0x33,0x38,
  0x32,0x37,0x33,0x39,0x2d,0x31,0x39,0x31,0x2e,0x33,0x38,0x32,0x37,0x33,0x39,0x71,
  0x31,0x32,0x2e,0x32,0x38,0x31,0x32,0x34,0x35,0x2d,0x31,0x31,0x2e,0x32,0x35,0x37,
  0x38,0x30,0x38,0x20,0x32,0x39,0x2e,0x31,0x36,0x37,0x39,0x35,0x38,0x2d,0x32,0x37,
  0x2e,0x31,0x32,0x31,0x30,0x38,0x33,0x74,0x32,0x38,0x2e,0x31,0x34,0x34,0x35,0x32,
  0x31,0x2d,0x32,0x35,0x2e,0x30,0x37,0x34,0x32,0x30,0x39,0x71,0x31,0x34,0x2e,0x33,
  0x32,0x38,0x31,0x32,0x2d,0x31,0x31,0x2e,0x32,0x35,0x37,0x38,0x30,0x38,0x20,0x32,
  0x39,0x2e,0x36,0x37,0x39,0x36,0x37,0x36,0x2d,0x31,0x35,0x2e,0x38,0x36,0x33,0x32,
  0x37,0x35,0x74,0x33,0x30,0x2e,0x31,0x39,0x31,0x33,0x39,0x35,0x2d,0x34,0x2e,0x30,
  0x39,0x33,0x37,0x34,0x38,0x20,0x32,0x38,0x2e,0x36,0x35,0x36,0x32,0x33,0x39,0x20,
  0x34,0x2e,0x36,0x30,0x35,0x34,0x36,0x37,0x20,0x32,0x34,0x2e,0x30,0x35,0x30,0x37,
  0x37,0x32,0x20,0x39,0x2e,0x32,0x31,0x30,0x39,0x33,0x34,0x71,0x32,0x31,0x2e,0x34,
  0x39,0x32,0x31,0x37,0x39,0x20,0x31,0x31,0x2e,0x32,0x35,0x37,0x38,0x30,0x38,0x20,
  0x34,0x37,0x2e,0x35,0x38,0x39,0x38,0x32,0x36,0x20,0x33,0x39,0x2e,0x34,0x30,0x32,
  0x33,0x32,0x39,0x74,0x34,0x30,0x2e,0x34,0x32,0x35,0x37,0x36,0x36,0x20,0x35,0x38,
  0x2e,0x38,0x34,0x37,0x36,0x33,0x34,0x7a,0x4d,0x32,0x32,0x31,0x2e,0x30,0x36,0x32,
  0x34,0x31,0x36,0x20,0x36,0x31,0x31,0x2e,0x35,0x35,0x34,0x38,0x34,0x35,0x71,0x36,
  0x2e,0x31,0x34,0x30,0x36,0x32,0x33,0x2d,0x36,0x2e,0x31,0x34,0x30,0x36,0x32,0x33,
  0x20,0x32,0x38,0x2e,0x36,0x35,0x36,0x32,0x33,0x39,0x2d,0x32,0x39,0x2e,0x31,0x36,
  0x37,0x39,0x35,0x38,0x74,0x35,0x36,0x2e,0x32,0x38,0x39,0x30,0x34,0x31,0x2d,0x35,
  0x36,0x2e,0x38,0x30,0x30,0x37,0x36,0x6c,0x37,0x34,0x2e,0x37,0x31,0x30,0x39,0x30,
  0x39,0x2d,0x37,0x34,0x2e,0x37,0x31,0x30,0x39,0x30,0x39,0x20,0x38,0x32,0x2e,0x38,
  0x39,0x38,0x34,0x30,0x36,0x2d,0x38,0x32,0x2e,0x38,0x39,0x38,0x34,0x30,0x36,0x20,
  0x32,0x32,0x30,0x2e,0x30,0x33,0x38,0x39,0x37,0x39,0x2d,0x32,0x32,0x30,0x2e,0x30,
  0x33,0x38,0x39,0x37,0x39,0x20,0x31,0x39,0x31,0x2e,0x33,0x38,0x32,0x37,0x33,0x39,
  0x20,0x31,0x39,0x32,0x2e,0x34,0x30,0x36,0x31,0x37,0x37,0x2d,0x32,0x32,0x30,0x2e,
  0x30,0x33,0x38,0x39,0x37,0x39,0x20,0x32,0x32,0x30,0x2e,0x30,0x33,0x38,0x39,0x37,
  0x39,0x2d,0x38,0x31,0x2e,0x38,0x37,0x34,0x39,0x36,0x39,0x20,0x38,0x32,0x2e,0x38,
  0x39,0x38,0x34,0x30,0x36,0x71,0x2d,0x34,0x30,0x2e,0x39,0x33,0x37,0x34,0x38,0x34,
  0x20,0x33,0x39,0x2e,0x39,0x31,0x34,0x30,0x34,0x37,0x2d,0x37,0x33,0x2e,0x36,0x38,
  0x37,0x34,0x37,0x32,0x20,0x37,0x33,0x2e,0x31,0x37,0x35,0x37,0x35,0x33,0x74,0x2d,
  0x35,0x34,0x2e,0x32,0x34,0x32,0x31,0x36,0x37,0x20,0x35,0x34,0x2e,0x37,0x35,0x33,
  0x38,0x38,0x35,0x2d,0x32,0x35,0x2e,0x35,0x38,0x35,0x39,0x32,0x38,0x20,0x32,0x34,
  0x2e,0x35,0x36,0x32,0x34,0x39,0x31,0x71,0x2d,0x31,0x30,0x2e,0x32,0x33,0x34,0x33,
  0x37,0x31,0x20,0x39,0x2e,0x32,0x31,0x30,0x39,0x33,0x34,0x2d,0x32,0x33,0x2e,0x35,
  0x33,0x39,0x30,0x35,0x34,0x20,0x31,0x39,0x2e,0x34,0x34,0x35,0x33,0x30,0x35,0x74,
  0x2d,0x32,0x37,0x2e,0x36,0x33,0x32,0x38,0x30,0x32,0x20,0x31,0x36,0x2e,0x33,0x37,
  0x34,0x39,0x39,0x34,0x71,0x2d,0x31,0x34,0x2e,0x33,0x32,0x38,0x31,0x32,0x20,0x37,
  0x2e,0x31,0x36,0x34,0x30,0x36,0x2d,0x34,0x31,0x2e,0x39,0x36,0x30,0x39,0x32,0x31,
  0x20,0x31,0x37,0x2e,0x33,0x39,0x38,0x34,0x33,0x31,0x74,0x2d,0x35,0x37,0x2e,0x38,
  0x32,0x34,0x31,0x39,0x37,0x20,0x31,0x39,0x2e,0x39,0x35,0x37,0x30,0x32,0x34,0x2d,
  0x35,0x37,0x2e,0x33,0x31,0x32,0x34,0x37,0x38,0x20,0x31,0x36,0x2e,0x38,0x38,0x36,
  0x37,0x31,0x32,0x2d,0x34,0x30,0x2e,0x34,0x32,0x35,0x37,0x36,0x36,0x20,0x39,0x2e,
  0x32,0x31,0x30,0x39,0x33,0x34,0x71,0x2d,0x32,0x37,0x2e,0x36,0x33,0x32,0x38,0x30,
  0x32,0x20,0x33,0x2e,0x30,0x37,0x30,0x33,0x31,0x31,0x2d,0x33,0x36,0x2e,0x38,0x34,
  0x33,0x37,0x33,0x36,0x2d,0x38,0x2e,0x31,0x38,0x37,0x34,0x39,0x37,0x74,0x2d,0x35,
  0x2e,0x31,0x31,0x37,0x31,0x38,0x36,0x2d,0x33,0x37,0x2e,0x38,0x36,0x37,0x31,0x37,
  0x33,0x71,0x32,0x2e,0x30,0x34,0x36,0x38,0x37,0x34,0x2d,0x31,0x34,0x2e,0x33,0x32,
  0x38,0x31,0x32,0x20,0x39,0x2e,0x37,0x32,0x32,0x36,0x35,0x33,0x2d,0x34,0x31,0x2e,
  0x34,0x34,0x39,0x32,0x30,0x33,0x74,0x31,0x36,0x2e,0x33,0x37,0x34,0x39,0x39,0x34,
  0x2d,0x35,0x36,0x2e,0x32,0x38,0x39,0x30,0x34,0x31,0x20,0x31,0x36,0x2e,0x38,0x38,
  0x36,0x37,0x31,0x32,0x2d,0x35,0x33,0x2e,0x37,0x33,0x30,0x34,0x34,0x38,0x20,0x31,
  0x33,0x2e,0x33,0x30,0x34,0x36,0x38,0x32,0x2d,0x33,0x33,0x2e,0x37,0x37,0x33,0x34,
  0x32,0x35,0x71,0x36,0x2e,0x31,0x34,0x30,0x36,0x32,0x33,0x2d,0x31,0x34,0x2e,0x33,
  0x32,0x38,0x31,0x32,0x20,0x31,0x33,0x2e,0x38,0x31,0x36,0x34,0x30,0x31,0x2d,0x32,
  0x36,0x2e,0x30,0x39,0x37,0x36,0x34,0x36,0x74,0x32,0x32,0x2e,0x30,0x30,0x33,0x38,
  0x39,0x38,0x2d,0x32,0x36,0x2e,0x30,0x39,0x37,0x36,0x34,0x36,0x7a,0x22,0x20,0x70,
  0x2d,0x69,0x64,0x3d,0x22,0x36,0x32,0x39,0x37,0x22,0x20,0x66,0x69,0x6c,0x6c,0x3d,
  0x22,0x23,0x43,0x43,0x43,0x43,0x43,0x43,0x22,0x3e,0x3c,0x2f,0x70,0x61,0x74,0x68,
  0x3e,0x3c,0x2f,0x73,0x76,0x67,0x3e,
  
};

static const unsigned char qt_resource_name[] = {
  // icons
  0x0,0x5,
  0x0,0x6f,0xa6,0x53,
  0x0,0x69,
  0x0,0x63,0x0,0x6f,0x0,0x6e,0x0,0x73,
    // normal
  0x0,0x6,
  0x7,0x56,0x93,0x7c,
  0x0,0x6e,
  0x0,0x6f,0x0,0x72,0x0,0x6d,0x0,0x61,0x0,0x6c,
    // hover
  0x0,0x5,
  0x0,0x6f,0x6c,0xc2,
  0x0,0x68,
  0x0,0x6f,0x0,0x76,0x0,0x65,0x0,0x72,
    // selected
  0x0,0x8,
  0xc,0x2b,0xa5,0x94,
  0x0,0x73,
  0x0,0x65,0x0,0x6c,0x0,0x65,0x0,0x63,0x0,0x74,0x0,0x65,0x0,0x64,
    // six.svg
  0x0,0x7,
  0xa,0xb,0x5a,0x27,
  0x0,0x73,
  0x0,0x69,0x0,0x78,0x0,0x2e,0x0,0x73,0x0,0x76,0x0,0x67,
    // circle.svg
  0x0,0xa,
  0xa,0x2d,0x1b,0xc7,
  0x0,0x63,
  0x0,0x69,0x0,0x72,0x0,0x63,0x0,0x6c,0x0,0x65,0x0,0x2e,0x0,0x73,0x0,0x76,0x0,0x67,
    // five.svg
  0x0,0x8,
  0x0,0xc8,0x57,0x67,
  0x0,0x66,
  0x0,0x69,0x0,0x76,0x0,0x65,0x0,0x2e,0x0,0x73,0x0,0x76,0x0,0x67,
    // text.svg
  0x0,0x8,
  0xc,0xf7,0x55,0x87,
  0x0,0x74,
  0x0,0x65,0x0,0x78,0x0,0x74,0x0,0x2e,0x0,0x73,0x0,0x76,0x0,0x67,
    // line.svg
  0x0,0x8,
  0x0,0x48,0x54,0xa7,
  0x0,0x6c,
  0x0,0x69,0x0,0x6e,0x0,0x65,0x0,0x2e,0x0,0x73,0x0,0x76,0x0,0x67,
    // rect.svg
  0x0,0x8,
  0xb,0xa7,0x55,0xc7,
  0x0,0x72,
  0x0,0x65,0x0,0x63,0x0,0x74,0x0,0x2e,0x0,0x73,0x0,0x76,0x0,0x67,
    // star.svg
  0x0,0x8,
  0xa,0x85,0x55,0x87,
  0x0,0x73,
  0x0,0x74,0x0,0x61,0x0,0x72,0x0,0x2e,0x0,0x73,0x0,0x76,0x0,0x67,
    // mouse.svg
  0x0,0x9,
  0xc,0x98,0xb2,0x7,
  0x0,0x6d,
  0x0,0x6f,0x0,0x75,0x0,0x73,0x0,0x65,0x0,0x2e,0x0,0x73,0x0,0x76,0x0,0x67,
    // pen.svg
  0x0,0x7,
  0x6,0xc1,0x5a,0x27,
  0x0,0x70,
  0x0,0x65,0x0,0x6e,0x0,0x2e,0x0,0x73,0x0,0x76,0x0,0x67,
  
};

static const unsigned char qt_resource_struct[] = {
  // :
  0x0,0x0,0x0,0x0,0x0,0x2,0x0,0x0,0x0,0x1,0x0,0x0,0x0,0x1,
0x0,0x0,0x0,0x0,0x0,0x0,0x0,0x0,
  // :/icons
  0x0,0x0,0x0,0x0,0x0,0x2,0x0,0x0,0x0,0x3,0x0,0x0,0x0,0x2,
0x0,0x0,0x0,0x0,0x0,0x0,0x0,0x0,
  // :/icons/hover
  0x0,0x0,0x0,0x22,0x0,0x2,0x0,0x0,0x0,0x9,0x0,0x0,0x0,0x17,
0x0,0x0,0x0,0x0,0x0,0x0,0x0,0x0,
  // :/icons/normal
  0x0,0x0,0x0,0x10,0x0,0x2,0x0,0x0,0x0,0x9,0x0,0x0,0x0,0xe,
0x0,0x0,0x0,0x0,0x0,0x0,0x0,0x0,
  // :/icons/selected
  0x0,0x0,0x0,0x32,0x0,0x2,0x0,0x0,0x0,0x9,0x0,0x0,0x0,0x5,
0x0,0x0,0x0,0x0,0x0,0x0,0x0,0x0,
  // :/icons/selected/line.svg
  0x0,0x0,0x0,0xa2,0x0,0x0,0x0,0x0,0x0,0x1,0x0,0x0,0x8,0xc8,
0x0,0x0,0x1,0x96,0x3f,0x94,0xd7,0xeb,
  // :/icons/selected/five.svg
  0x0,0x0,0x0,0x76,0x0,0x0,0x0,0x0,0x0,0x1,0x0,0x0,0x3,0xcc,
0x0,0x0,0x1,0x96,0x3f,0x94,0xd7,0xe9,
  // :/icons/selected/pen.svg
  0x0,0x0,0x0,0xfc,0x0,0x0,0x0,0x0,0x0,0x1,0x0,0x0,0x16,0x5b,
0x0,0x0,0x1,0x96,0x3f,0x94,0xd7,0xeb,
  // :/icons/selected/six.svg
  0x0,0x0,0x0,0x48,0x0,0x0,0x0,0x0,0x0,0x1,0x0,0x0,0x0,0x0,
0x0,0x0,0x1,0x96,0x3f,0x94,0xd7,0xeb,
  // :/icons/selected/circle.svg
  0x0,0x0,0x0,0x5c,0x0,0x0,0x0,0x0,0x0,0x1,0x0,0x0,0x1,0xaf,
0x0,0x0,0x1,0x96,0x3f,0x94,0xd7,0xe9,
  // :/icons/selected/star.svg
  0x0,0x0,0x0,0xce,0x0,0x0,0x0,0x0,0x0,0x1,0x0,0x0,0xc,0xb3,
0x0,0x0,0x1,0x96,0x3f,0x94,0xd7,0xec,
  // :/icons/selected/rect.svg
  0x0,0x0,0x0,0xb8,0x0,0x0,0x0,0x0,0x0,0x1,0x0,0x0,0xa,0xf3,
0x0,0x0,0x1,0x96,0x3f,0x94,0xd7,0xeb,
  // :/icons/selected/mouse.svg
  0x0,0x0,0x0,0xe4,0x0,0x0,0x0,0x0,0x0,0x1,0x0,0x0,0x13,0xf,
0x0,0x0,0x1,0x96,0x3f,0x94,0xd7,0xeb,
  // :/icons/selected/text.svg
  0x0,0x0,0x0,0x8c,0x0,0x0,0x0,0x0,0x0,0x1,0x0,0x0,0x5,0x97,
0x0,0x0,0x1,0x96,0x3f,0x94,0xd7,0xec,
  // :/icons/normal/line.svg
  0x0,0x0,0x0,0xa2,0x0,0x0,0x0,0x0,0x0,0x1,0x0,0x0,0x41,0x96,
0x0,0x0,0x1,0x96,0x3f,0x94,0xd7,0xe7,
  // :/icons/normal/five.svg
  0x0,0x0,0x0,0x76,0x0,0x0,0x0,0x0,0x0,0x1,0x0,0x0,0x3c,0x9a,
0x0,0x0,0x1,0x96,0x3f,0x94,0xd7,0xe7,
  // :/icons/normal/pen.svg
  0x0,0x0,0x0,0xfc,0x0,0x0,0x0,0x0,0x0,0x1,0x0,0x0,0x4d,0x7e,
0x0,0x0,0x1,0x96,0x3f,0x94,0xd7,0xe8,
  // :/icons/normal/six.svg
  0x0,0x0,0x0,0x48,0x0,0x0,0x0,0x0,0x0,0x1,0x0,0x0,0x38,0xce,
0x0,0x0,0x1,0x96,0x3f,0x94,0xd7,0xe8,
  // :/icons/normal/circle.svg
  0x0,0x0,0x0,0x5c,0x0,0x0,0x0,0x0,0x0,0x1,0x0,0x0,0x3a,0x7d,
0x0,0x0,0x1,0x96,0x3f,0x94,0xd7,0xe7,
  // :/icons/normal/star.svg
  0x0,0x0,0x0,0xce,0x0,0x0,0x0,0x0,0x0,0x1,0x0,0x0,0x45,0x81,
0x0,0x0,0x1,0x96,0x3f,0x94,0xd7,0xe8,
  // :/icons/normal/rect.svg
  0x0,0x0,0x0,0xb8,0x0,0x0,0x0,0x0,0x0,0x1,0x0,0x0,0x43,0xc1,
0x0,0x0,0x1,0x96,0x3f,0x94,0xd7,0xe8,
  // :/icons/normal/mouse.svg
  0x0,0x0,0x0,0xe4,0x0,0x0,0x0,0x0,0x0,0x1,0x0,0x0,0x4a,0x32,
0x0,0x0,0x1,0x96,0x3f,0x94,0xd7,0xe8,
  // :/icons/normal/text.svg
  0x0,0x0,0x0,0x8c,0x0,0x0,0x0,0x0,0x0,0x1,0x0,0x0,0x3e,0x65,
0x0,0x0,0x1,0x96,0x3f,0x94,0xd7,0xe9,
  // :/icons/hover/line.svg
  0x0,0x0,0x0,0xa2,0x0,0x0,0x0,0x0,0x0,0x1,0x0,0x0,0x25,0x2f,
0x0,0x0,0x1,0x96,0x3f,0x94,0xd7,0xe6,
  // :/icons/hover/five.svg
  0x0,0x0,0x0,0x76,0x0,0x0,0x0,0x0,0x0,0x1,0x0,0x0,0x20,0x33,
0x0,0x0,0x1,0x96,0x3f,0x94,0xd7,0xe5,
  // :/icons/hover/pen.svg
  0x0,0x0,0x0,0xfc,0x0,0x0,0x0,0x0,0x0,0x1,0x0,0x0,0x32,0xc2,
0x0,0x0,0x1,0x96,0x3f,0x94,0xd7,0xe6,
  // :/icons/hover/six.svg
  0x0,0x0,0x0,0x48,0x0,0x0,0x0,0x0,0x0,0x1,0x0,0x0,0x1c,0x67,
0x0,0x0,0x1,0x96,0x3f,0x94,0xd7,0xe6,
  // :/icons/hover/circle.svg
  0x0,0x0,0x0,0x5c,0x0,0x0,0x0,0x0,0x0,0x1,0x0,0x0,0x1e,0x16,
0x0,0x0,0x1,0x96,0x3f,0x94,0xd7,0xe5,
  // :/icons/hover/star.svg
  0x0,0x0,0x0,0xce,0x0,0x0,0x0,0x0,0x0,0x1,0x0,0x0,0x29,0x1a,
0x0,0x0,0x1,0x96,0x3f,0x94,0xd7,0xe6,
  // :/icons/hover/rect.svg
  0x0,0x0,0x0,0xb8,0x0,0x0,0x0,0x0,0x0,0x1,0x0,0x0,0x27,0x5a,
0x0,0x0,0x1,0x96,0x3f,0x94,0xd7,0xe6,
  // :/icons/hover/mouse.svg
  0x0,0x0,0x0,0xe4,0x0,0x0,0x0,0x0,0x0,0x1,0x0,0x0,0x2f,0x76,
0x0,0x0,0x1,0x96,0x3f,0x94,0xd7,0xe6,
  // :/icons/hover/text.svg
  0x0,0x0,0x0,0x8c,0x0,0x0,0x0,0x0,0x0,0x1,0x0,0x0,0x21,0xfe,
0x0,0x0,0x1,0x96,0x3f,0x94,0xd7,0xe7,

};

#ifdef QT_NAMESPACE
#  define QT_RCC_PREPEND_NAMESPACE(name) ::QT_NAMESPACE::name
#  define QT_RCC_MANGLE_NAMESPACE0(x) x
#  define QT_RCC_MANGLE_NAMESPACE1(a, b) a##_##b
#  define QT_RCC_MANGLE_NAMESPACE2(a, b) QT_RCC_MANGLE_NAMESPACE1(a,b)
#  define QT_RCC_MANGLE_NAMESPACE(name) QT_RCC_MANGLE_NAMESPACE2( \
        QT_RCC_MANGLE_NAMESPACE0(name), QT_RCC_MANGLE_NAMESPACE0(QT_NAMESPACE))
#else
#   define QT_RCC_PREPEND_NAMESPACE(name) name
#   define QT_RCC_MANGLE_NAMESPACE(name) name
#endif

#ifdef QT_NAMESPACE
namespace QT_NAMESPACE {
#endif

bool qRegisterResourceData(int, const unsigned char *, const unsigned char *, const unsigned char *);
bool qUnregisterResourceData(int, const unsigned char *, const unsigned char *, const unsigned char *);

#ifdef QT_NAMESPACE
}
#endif

int QT_RCC_MANGLE_NAMESPACE(qInitResources_kmainwindow)();
int QT_RCC_MANGLE_NAMESPACE(qInitResources_kmainwindow)()
{
    int version = 3;
    QT_RCC_PREPEND_NAMESPACE(qRegisterResourceData)
        (version, qt_resource_struct, qt_resource_name, qt_resource_data);
    return 1;
}

int QT_RCC_MANGLE_NAMESPACE(qCleanupResources_kmainwindow)();
int QT_RCC_MANGLE_NAMESPACE(qCleanupResources_kmainwindow)()
{
    int version = 3;
    QT_RCC_PREPEND_NAMESPACE(qUnregisterResourceData)
       (version, qt_resource_struct, qt_resource_name, qt_resource_data);
    return 1;
}

namespace {
   struct initializer {
       initializer() { QT_RCC_MANGLE_NAMESPACE(qInitResources_kmainwindow)(); }
       ~initializer() { QT_RCC_MANGLE_NAMESPACE(qCleanupResources_kmainwindow)(); }
   } dummy;
}
